2026-05-29 11:27:59 | INFO     | Device: cuda | Model: small | AMP: True
2026-05-29 11:28:03 | INFO     | KG: 4577 nodes | embed_dim=128
2026-05-29 11:28:05 | INFO     | Trainable parameters: 28,427,189
2026-05-29 11:28:05 | INFO     | === Phase 1: Base task (epochs 1–10) ===
2026-05-29 11:28:09 | DEBUG    | [P1 E01 S10] asr=10.4399 | mi=0.1472 | decorr=0.7488 | jepa=0.1965 | kg=1.2558 | total=10.5613
2026-05-29 11:28:11 | DEBUG    | [P1 E01 S20] asr=9.1754 | mi=0.1123 | decorr=0.8353 | jepa=0.0609 | kg=1.1705 | total=9.2829
2026-05-29 11:28:13 | DEBUG    | [P1 E01 S30] asr=8.6161 | mi=0.0809 | decorr=0.8594 | jepa=0.0428 | kg=1.1529 | total=8.7218
2026-05-29 11:28:16 | DEBUG    | [P1 E01 S40] asr=8.1305 | mi=0.0570 | decorr=0.7930 | jepa=0.0361 | kg=1.1310 | total=8.2309
2026-05-29 11:28:19 | DEBUG    | [P1 E01 S50] asr=7.5772 | mi=0.0418 | decorr=0.6901 | jepa=0.0433 | kg=0.7012 | total=7.6515
2026-05-29 11:28:22 | DEBUG    | [P1 E01 S60] asr=6.8124 | mi=0.0722 | decorr=0.7263 | jepa=0.0710 | kg=0.5381 | total=6.8834
2026-05-29 11:28:24 | DEBUG    | [P1 E01 S70] asr=6.1166 | mi=0.0501 | decorr=0.6891 | jepa=0.0498 | kg=0.3476 | total=6.1739
2026-05-29 11:28:26 | DEBUG    | [P1 E01 S80] asr=6.7477 | mi=0.0688 | decorr=0.7270 | jepa=0.0617 | kg=0.3160 | total=6.8067
2026-05-29 11:28:29 | DEBUG    | [P1 E01 S90] asr=7.7463 | mi=0.0458 | decorr=0.6772 | jepa=0.0369 | kg=0.3269 | total=7.8007
2026-05-29 11:28:31 | DEBUG    | [P1 E01 S100] asr=6.3279 | mi=0.0300 | decorr=0.6647 | jepa=0.0311 | kg=0.2459 | total=6.3768
2026-05-29 11:28:34 | DEBUG    | [P1 E01 S110] asr=6.5520 | mi=0.0401 | decorr=0.6822 | jepa=0.0234 | kg=0.2706 | total=6.6023
2026-05-29 11:28:36 | DEBUG    | [P1 E01 S120] asr=7.1944 | mi=0.0254 | decorr=0.6483 | jepa=0.0229 | kg=0.3393 | total=7.2463
2026-05-29 11:28:38 | DEBUG    | [P1 E01 S130] asr=5.7826 | mi=0.0430 | decorr=0.7126 | jepa=0.0202 | kg=0.2810 | total=5.8347
2026-05-29 11:28:41 | DEBUG    | [P1 E01 S140] asr=5.8616 | mi=0.0362 | decorr=0.6621 | jepa=0.0140 | kg=0.2792 | total=5.9104
2026-05-29 11:28:44 | DEBUG    | [P1 E01 S150] asr=4.7261 | mi=0.0329 | decorr=0.6583 | jepa=0.0188 | kg=0.2158 | total=4.7720
2026-05-29 11:28:46 | DEBUG    | [P1 E01 S160] asr=5.9644 | mi=0.0473 | decorr=0.6988 | jepa=0.0187 | kg=0.1942 | total=6.0114
2026-05-29 11:28:48 | DEBUG    | [P1 E01 S170] asr=6.6064 | mi=0.0398 | decorr=0.6822 | jepa=0.0137 | kg=0.2437 | total=6.6544
2026-05-29 11:28:51 | DEBUG    | [P1 E01 S180] asr=7.0098 | mi=0.0403 | decorr=0.7276 | jepa=0.0159 | kg=0.2571 | total=7.0610
2026-05-29 11:28:53 | DEBUG    | [P1 E01 S190] asr=7.2471 | mi=0.0273 | decorr=0.6610 | jepa=0.0118 | kg=0.1987 | total=7.2915
2026-05-29 11:28:56 | DEBUG    | [P1 E01 S200] asr=6.7858 | mi=0.0192 | decorr=0.5976 | jepa=0.0123 | kg=0.2196 | total=6.8280
2026-05-29 11:28:59 | DEBUG    | [P1 E01 S210] asr=6.5379 | mi=0.0302 | decorr=0.6759 | jepa=0.0102 | kg=0.2471 | total=6.5854
2026-05-29 11:29:02 | DEBUG    | [P1 E01 S220] asr=6.4093 | mi=0.0250 | decorr=0.6122 | jepa=0.0143 | kg=0.2301 | total=6.4531
2026-05-29 11:29:04 | DEBUG    | [P1 E01 S230] asr=4.9583 | mi=0.0200 | decorr=0.6264 | jepa=0.0083 | kg=0.2248 | total=5.0019
2026-05-29 11:29:07 | DEBUG    | [P1 E01 S240] asr=5.3534 | mi=0.0328 | decorr=0.6849 | jepa=0.0115 | kg=0.2010 | total=5.3992
2026-05-29 11:29:09 | DEBUG    | [P1 E01 S250] asr=4.4586 | mi=0.0219 | decorr=0.5941 | jepa=0.0080 | kg=0.1802 | total=4.4984
2026-05-29 11:29:11 | DEBUG    | [P1 E01 S260] asr=6.0793 | mi=0.0298 | decorr=0.6746 | jepa=0.0139 | kg=0.2513 | total=6.1273
2026-05-29 11:29:14 | DEBUG    | [P1 E01 S270] asr=6.0959 | mi=0.0294 | decorr=0.6587 | jepa=0.0135 | kg=0.1799 | total=6.1395
2026-05-29 11:29:16 | DEBUG    | [P1 E01 S280] asr=4.9416 | mi=0.0252 | decorr=0.5822 | jepa=0.0327 | kg=0.2508 | total=4.9868
2026-05-29 11:29:19 | DEBUG    | [P1 E01 S290] asr=5.3033 | mi=0.0252 | decorr=0.5983 | jepa=0.0272 | kg=0.2336 | total=5.3479
2026-05-29 11:29:22 | DEBUG    | [P1 E01 S300] asr=4.7983 | mi=0.0271 | decorr=0.6442 | jepa=0.0104 | kg=0.2292 | total=4.8432
2026-05-29 11:29:24 | DEBUG    | [P1 E01 S310] asr=5.9047 | mi=0.0216 | decorr=0.5974 | jepa=0.0058 | kg=0.2322 | total=5.9470
2026-05-29 11:29:27 | DEBUG    | [P1 E01 S320] asr=4.6956 | mi=0.0300 | decorr=0.6848 | jepa=0.0074 | kg=0.2084 | total=4.7412
2026-05-29 11:29:29 | DEBUG    | [P1 E01 S330] asr=6.2280 | mi=0.0367 | decorr=0.7110 | jepa=0.0172 | kg=0.2257 | total=6.2769
2026-05-29 11:29:32 | DEBUG    | [P1 E01 S340] asr=5.4877 | mi=0.0233 | decorr=0.6317 | jepa=0.0046 | kg=0.2244 | total=5.5312
2026-05-29 11:29:34 | DEBUG    | [P1 E01 S350] asr=4.6400 | mi=0.0156 | decorr=0.5847 | jepa=0.0071 | kg=0.2109 | total=4.6806
2026-05-29 11:29:36 | DEBUG    | [P1 E01 S360] asr=4.5889 | mi=0.0295 | decorr=0.6260 | jepa=0.0090 | kg=0.1750 | total=4.6301
2026-05-29 11:29:39 | DEBUG    | [P1 E01 S370] asr=6.3677 | mi=0.0163 | decorr=0.5926 | jepa=0.0060 | kg=0.1981 | total=6.4080
2026-05-29 11:29:41 | DEBUG    | [P1 E01 S380] asr=6.8526 | mi=0.0280 | decorr=0.6709 | jepa=0.0073 | kg=0.2173 | total=6.8980
2026-05-29 11:29:44 | DEBUG    | [P1 E01 S390] asr=5.6837 | mi=0.0264 | decorr=0.6143 | jepa=0.0069 | kg=0.1583 | total=5.7232
2026-05-29 11:29:46 | DEBUG    | [P1 E01 S400] asr=4.9811 | mi=0.0323 | decorr=0.6532 | jepa=0.0091 | kg=0.1802 | total=5.0240
2026-05-29 11:29:48 | DEBUG    | [P1 E01 S410] asr=5.0713 | mi=0.0239 | decorr=0.5454 | jepa=0.0259 | kg=0.2005 | total=5.1115
2026-05-29 11:29:51 | DEBUG    | [P1 E01 S420] asr=5.4201 | mi=0.0161 | decorr=0.5358 | jepa=0.0071 | kg=0.1968 | total=5.4576
2026-05-29 11:29:53 | DEBUG    | [P1 E01 S430] asr=6.6052 | mi=0.0291 | decorr=0.7228 | jepa=0.0183 | kg=0.1800 | total=6.6525
2026-05-29 11:29:56 | DEBUG    | [P1 E01 S440] asr=4.6568 | mi=0.0157 | decorr=0.4851 | jepa=0.0125 | kg=0.2209 | total=4.6935
2026-05-29 11:29:59 | DEBUG    | [P1 E01 S450] asr=5.9589 | mi=0.0192 | decorr=0.5741 | jepa=0.0080 | kg=0.1700 | total=5.9971
2026-05-29 11:30:01 | DEBUG    | [P1 E01 S460] asr=7.3450 | mi=0.0205 | decorr=0.6392 | jepa=0.0045 | kg=0.1495 | total=7.3851
2026-05-29 11:30:03 | DEBUG    | [P1 E01 S470] asr=5.2973 | mi=0.0253 | decorr=0.6110 | jepa=0.0083 | kg=0.1488 | total=5.3363
2026-05-29 11:30:06 | DEBUG    | [P1 E01 S480] asr=6.2750 | mi=0.0194 | decorr=0.6194 | jepa=0.0101 | kg=0.1278 | total=6.3135
2026-05-29 11:30:09 | DEBUG    | [P1 E01 S490] asr=5.4900 | mi=0.0240 | decorr=0.6140 | jepa=0.0262 | kg=0.1527 | total=5.5312
2026-05-29 11:30:11 | DEBUG    | [P1 E01 S500] asr=4.2071 | mi=0.0149 | decorr=0.4498 | jepa=0.0090 | kg=0.1180 | total=4.2365
2026-05-29 11:30:14 | DEBUG    | [P1 E01 S510] asr=4.6617 | mi=0.0146 | decorr=0.5343 | jepa=0.0046 | kg=0.1687 | total=4.6975
2026-05-29 11:30:16 | DEBUG    | [P1 E01 S520] asr=5.5865 | mi=0.0240 | decorr=0.6400 | jepa=0.0050 | kg=0.1727 | total=5.6279
2026-05-29 11:30:19 | DEBUG    | [P1 E01 S530] asr=6.9058 | mi=0.0100 | decorr=0.5387 | jepa=0.0088 | kg=0.2230 | total=6.9448
2026-05-29 11:30:21 | DEBUG    | [P1 E01 S540] asr=6.9930 | mi=0.0130 | decorr=0.5064 | jepa=0.0301 | kg=0.3142 | total=7.0372
2026-05-29 11:30:24 | DEBUG    | [P1 E01 S550] asr=5.8103 | mi=0.0125 | decorr=0.5675 | jepa=0.0065 | kg=0.1685 | total=5.8479
2026-05-29 11:30:26 | DEBUG    | [P1 E01 S560] asr=5.1016 | mi=0.0112 | decorr=0.5137 | jepa=0.0153 | kg=0.1913 | total=5.1385
2026-05-29 11:30:29 | DEBUG    | [P1 E01 S570] asr=6.0280 | mi=0.0246 | decorr=0.6428 | jepa=0.0198 | kg=0.1729 | total=6.0710
2026-05-29 11:30:31 | DEBUG    | [P1 E01 S580] asr=7.7292 | mi=0.0120 | decorr=0.4747 | jepa=0.0183 | kg=0.1750 | total=7.7636
2026-05-29 11:30:34 | DEBUG    | [P1 E01 S590] asr=4.8280 | mi=0.0187 | decorr=0.5572 | jepa=0.0055 | kg=0.1525 | total=4.8642
2026-05-29 11:30:37 | DEBUG    | [P1 E01 S600] asr=5.0771 | mi=0.0224 | decorr=0.6309 | jepa=0.0128 | kg=0.1440 | total=5.1173
2026-05-29 11:30:39 | DEBUG    | [P1 E01 S610] asr=5.5403 | mi=0.0158 | decorr=0.5136 | jepa=0.0037 | kg=0.1960 | total=5.5763
2026-05-29 11:30:42 | DEBUG    | [P1 E01 S620] asr=4.2726 | mi=0.0125 | decorr=0.4817 | jepa=0.0051 | kg=0.1740 | total=4.3060
2026-05-29 11:30:44 | DEBUG    | [P1 E01 S630] asr=6.4314 | mi=0.0177 | decorr=0.6325 | jepa=0.0025 | kg=0.1208 | total=6.4695
2026-05-29 11:30:47 | DEBUG    | [P1 E01 S640] asr=6.6909 | mi=0.0194 | decorr=0.6449 | jepa=0.0031 | kg=0.1164 | total=6.7294
2026-05-29 11:30:49 | DEBUG    | [P1 E01 S650] asr=4.8525 | mi=0.0128 | decorr=0.4579 | jepa=0.0183 | kg=0.1156 | total=4.8831
2026-05-29 11:30:52 | DEBUG    | [P1 E01 S660] asr=6.3467 | mi=0.0147 | decorr=0.5148 | jepa=0.0272 | kg=0.1086 | total=6.3807
2026-05-29 11:30:55 | DEBUG    | [P1 E01 S670] asr=6.1758 | mi=0.0258 | decorr=0.7237 | jepa=0.0091 | kg=0.1160 | total=6.2189
2026-05-29 11:30:58 | DEBUG    | [P1 E01 S680] asr=4.9437 | mi=0.0135 | decorr=0.5466 | jepa=0.0133 | kg=0.1537 | total=4.9802
2026-05-29 11:31:01 | DEBUG    | [P1 E01 S690] asr=5.0096 | mi=0.0127 | decorr=0.4835 | jepa=0.0094 | kg=0.1409 | total=5.0419
2026-05-29 11:31:02 | DEBUG    | [P1 E01 S700] asr=5.8682 | mi=0.0193 | decorr=0.6083 | jepa=0.0062 | kg=0.1423 | total=5.9066
2026-05-29 11:31:05 | DEBUG    | [P1 E01 S710] asr=4.0033 | mi=0.0151 | decorr=0.4378 | jepa=0.0104 | kg=0.1056 | total=4.0317
2026-05-29 11:31:07 | DEBUG    | [P1 E01 S720] asr=6.8887 | mi=0.0121 | decorr=0.4984 | jepa=0.0060 | kg=0.1232 | total=6.9205
2026-05-29 11:31:09 | DEBUG    | [P1 E01 S730] asr=5.2240 | mi=0.0109 | decorr=0.4816 | jepa=0.0053 | kg=0.0978 | total=5.2536
2026-05-29 11:31:11 | DEBUG    | [P1 E01 S740] asr=6.3373 | mi=0.0217 | decorr=0.6816 | jepa=0.0037 | kg=0.1023 | total=6.3771
2026-05-29 11:31:14 | DEBUG    | [P1 E01 S750] asr=5.9237 | mi=0.0152 | decorr=0.4441 | jepa=0.0109 | kg=0.1012 | total=5.9522
2026-05-29 11:31:16 | DEBUG    | [P1 E01 S760] asr=5.9871 | mi=0.0168 | decorr=0.6063 | jepa=0.0053 | kg=0.1124 | total=6.0237
2026-05-29 11:31:18 | DEBUG    | [P1 E01 S770] asr=6.4252 | mi=0.0106 | decorr=0.5032 | jepa=0.0063 | kg=0.0963 | total=6.4559
2026-05-29 11:31:21 | DEBUG    | [P1 E01 S780] asr=6.6466 | mi=0.0108 | decorr=0.5058 | jepa=0.0025 | kg=0.0865 | total=6.6765
2026-05-29 11:31:24 | DEBUG    | [P1 E01 S790] asr=4.9837 | mi=0.0129 | decorr=0.4981 | jepa=0.0045 | kg=0.1140 | total=5.0149
2026-05-29 11:31:26 | DEBUG    | [P1 E01 S800] asr=4.7163 | mi=0.0098 | decorr=0.4054 | jepa=0.0149 | kg=0.1319 | total=4.7448
2026-05-29 11:31:29 | DEBUG    | [P1 E01 S810] asr=4.5643 | mi=0.0093 | decorr=0.4173 | jepa=0.0152 | kg=0.1443 | total=4.5939
2026-05-29 11:31:32 | DEBUG    | [P1 E01 S820] asr=5.8675 | mi=0.0139 | decorr=0.5346 | jepa=0.0051 | kg=0.1175 | total=5.9007
2026-05-29 11:31:33 | DEBUG    | [P1 E01 S830] asr=5.7742 | mi=0.0120 | decorr=0.4903 | jepa=0.0296 | kg=0.0841 | total=5.8060
2026-05-29 11:31:36 | DEBUG    | [P1 E01 S840] asr=5.5750 | mi=0.0125 | decorr=0.4923 | jepa=0.0079 | kg=0.0962 | total=5.6054
2026-05-29 11:31:38 | DEBUG    | [P1 E01 S850] asr=4.6883 | mi=0.0123 | decorr=0.5067 | jepa=0.0075 | kg=0.0770 | total=4.7184
2026-05-29 11:31:41 | DEBUG    | [P1 E01 S860] asr=5.3980 | mi=0.0086 | decorr=0.4674 | jepa=0.0117 | kg=0.0944 | total=5.4274
2026-05-29 11:31:43 | DEBUG    | [P1 E01 S870] asr=6.0015 | mi=0.0119 | decorr=0.4789 | jepa=0.0040 | kg=0.0843 | total=6.0302
2026-05-29 11:31:46 | DEBUG    | [P1 E01 S880] asr=4.8375 | mi=0.0220 | decorr=0.5978 | jepa=0.0164 | kg=0.0857 | total=4.8735
2026-05-29 11:31:48 | DEBUG    | [P1 E01 S890] asr=6.5092 | mi=0.0142 | decorr=0.5801 | jepa=0.0058 | kg=0.1028 | total=6.5441
2026-05-29 11:31:50 | DEBUG    | [P1 E01 S900] asr=4.2719 | mi=0.0157 | decorr=0.4996 | jepa=0.0262 | kg=0.1138 | total=4.3053
2026-05-29 11:31:52 | DEBUG    | [P1 E01 S910] asr=4.2960 | mi=0.0173 | decorr=0.5716 | jepa=0.0073 | kg=0.1358 | total=4.3323
2026-05-29 11:31:55 | DEBUG    | [P1 E01 S920] asr=4.3472 | mi=0.0106 | decorr=0.4370 | jepa=0.0119 | kg=0.1107 | total=4.3759
2026-05-29 11:31:57 | DEBUG    | [P1 E01 S930] asr=5.9860 | mi=0.0092 | decorr=0.4790 | jepa=0.0026 | kg=0.0932 | total=6.0150
2026-05-29 11:32:00 | DEBUG    | [P1 E01 S940] asr=6.2241 | mi=0.0116 | decorr=0.5330 | jepa=0.0111 | kg=0.1044 | total=6.2572
2026-05-29 11:32:02 | DEBUG    | [P1 E01 S950] asr=5.2067 | mi=0.0113 | decorr=0.4855 | jepa=0.0063 | kg=0.1163 | total=5.2375
2026-05-29 11:32:05 | DEBUG    | [P1 E01 S960] asr=4.6706 | mi=0.0123 | decorr=0.4802 | jepa=0.0102 | kg=0.0910 | total=4.7003
2026-05-29 11:32:08 | DEBUG    | [P1 E01 S970] asr=5.0993 | mi=0.0118 | decorr=0.4538 | jepa=0.0047 | kg=0.0771 | total=5.1264
2026-05-29 11:32:10 | DEBUG    | [P1 E01 S980] asr=4.9062 | mi=0.0165 | decorr=0.5253 | jepa=0.0063 | kg=0.0816 | total=4.9374
2026-05-29 11:32:13 | DEBUG    | [P1 E01 S990] asr=5.8563 | mi=0.0128 | decorr=0.5279 | jepa=0.0055 | kg=0.0988 | total=5.8883
2026-05-29 11:32:15 | DEBUG    | [P1 E01 S1000] asr=5.1979 | mi=0.0089 | decorr=0.3919 | jepa=0.0165 | kg=0.1094 | total=5.2247
2026-05-29 11:32:18 | DEBUG    | [P1 E01 S1010] asr=5.9147 | mi=0.0086 | decorr=0.4560 | jepa=0.0039 | kg=0.1097 | total=5.9435
2026-05-29 11:32:21 | DEBUG    | [P1 E01 S1020] asr=5.5978 | mi=0.0122 | decorr=0.5124 | jepa=0.0187 | kg=0.0801 | total=5.6294
2026-05-29 11:32:24 | DEBUG    | [P1 E01 S1030] asr=5.8251 | mi=0.0068 | decorr=0.4193 | jepa=0.0399 | kg=0.0965 | total=5.8549
2026-05-29 11:32:26 | DEBUG    | [P1 E01 S1040] asr=7.0280 | mi=0.0165 | decorr=0.6216 | jepa=0.0112 | kg=0.0944 | total=7.0651
2026-05-29 11:32:29 | DEBUG    | [P1 E01 S1050] asr=5.3013 | mi=0.0105 | decorr=0.4836 | jepa=0.0111 | kg=0.1039 | total=5.3319
2026-05-29 11:32:31 | DEBUG    | [P1 E01 S1060] asr=4.9826 | mi=0.0114 | decorr=0.4193 | jepa=0.0097 | kg=0.0967 | total=5.0095
2026-05-29 11:32:34 | DEBUG    | [P1 E01 S1070] asr=6.1457 | mi=0.0118 | decorr=0.4575 | jepa=0.0088 | kg=0.1080 | total=6.1749
2026-05-29 11:32:36 | DEBUG    | [P1 E01 S1080] asr=6.6610 | mi=0.0107 | decorr=0.5214 | jepa=0.0022 | kg=0.0807 | total=6.6914
2026-05-29 11:32:39 | DEBUG    | [P1 E01 S1090] asr=5.9083 | mi=0.0098 | decorr=0.4788 | jepa=0.0153 | kg=0.0680 | total=5.9373
2026-05-29 11:32:41 | DEBUG    | [P1 E01 S1100] asr=5.0848 | mi=0.0144 | decorr=0.5352 | jepa=0.0066 | kg=0.0630 | total=5.1155
2026-05-29 11:32:44 | DEBUG    | [P1 E01 S1110] asr=6.6275 | mi=0.0078 | decorr=0.3980 | jepa=0.0129 | kg=0.1040 | total=6.6540
2026-05-29 11:32:46 | DEBUG    | [P1 E01 S1120] asr=5.6001 | mi=0.0194 | decorr=0.6429 | jepa=0.0025 | kg=0.0797 | total=5.6367
2026-05-29 11:32:48 | DEBUG    | [P1 E01 S1130] asr=5.0203 | mi=0.0126 | decorr=0.4871 | jepa=0.0101 | kg=0.0760 | total=5.0496
2026-05-29 11:32:50 | DEBUG    | [P1 E01 S1140] asr=5.6674 | mi=0.0097 | decorr=0.4977 | jepa=0.0036 | kg=0.0767 | total=5.6965
2026-05-29 11:32:53 | DEBUG    | [P1 E01 S1150] asr=6.0166 | mi=0.0146 | decorr=0.5901 | jepa=0.0084 | kg=0.0933 | total=6.0518
2026-05-29 11:32:55 | DEBUG    | [P1 E01 S1160] asr=4.9346 | mi=0.0096 | decorr=0.4452 | jepa=0.0063 | kg=0.0812 | total=4.9616
2026-05-29 11:32:57 | DEBUG    | [P1 E01 S1170] asr=5.9978 | mi=0.0146 | decorr=0.5618 | jepa=0.0325 | kg=0.0769 | total=6.0332
2026-05-29 11:33:01 | DEBUG    | [P1 E01 S1180] asr=4.9587 | mi=0.0102 | decorr=0.4445 | jepa=0.0046 | kg=0.0776 | total=4.9854
2026-05-29 11:33:03 | DEBUG    | [P1 E01 S1190] asr=4.4307 | mi=0.0121 | decorr=0.4338 | jepa=0.0050 | kg=0.0652 | total=4.4562
2026-05-29 11:33:06 | DEBUG    | [P1 E01 S1200] asr=6.3784 | mi=0.0067 | decorr=0.4825 | jepa=0.0135 | kg=0.0903 | total=6.4084
2026-05-29 11:33:09 | DEBUG    | [P1 E01 S1210] asr=5.9049 | mi=0.0095 | decorr=0.3696 | jepa=0.0148 | kg=0.0722 | total=5.9285
2026-05-29 11:33:12 | DEBUG    | [P1 E01 S1220] asr=4.7995 | mi=0.0142 | decorr=0.4653 | jepa=0.0074 | kg=0.1022 | total=4.8288
2026-05-29 11:33:14 | DEBUG    | [P1 E01 S1230] asr=6.8186 | mi=0.0078 | decorr=0.5029 | jepa=0.0021 | kg=0.0880 | total=6.8484
2026-05-29 11:33:17 | DEBUG    | [P1 E01 S1240] asr=5.9988 | mi=0.0089 | decorr=0.4599 | jepa=0.0216 | kg=0.0904 | total=6.0285
2026-05-29 11:33:19 | DEBUG    | [P1 E01 S1250] asr=6.2961 | mi=0.0079 | decorr=0.4261 | jepa=0.0173 | kg=0.0951 | total=6.3240
2026-05-29 11:33:22 | DEBUG    | [P1 E01 S1260] asr=5.6498 | mi=0.0147 | decorr=0.5816 | jepa=0.0043 | kg=0.0876 | total=5.6838
2026-05-29 11:33:25 | DEBUG    | [P1 E01 S1270] asr=6.2001 | mi=0.0091 | decorr=0.4927 | jepa=0.0064 | kg=0.0773 | total=6.2294
2026-05-29 11:33:27 | DEBUG    | [P1 E01 S1280] asr=5.9538 | mi=0.0124 | decorr=0.5095 | jepa=0.0082 | kg=0.0985 | total=5.9852
2026-05-29 11:33:30 | DEBUG    | [P1 E01 S1290] asr=6.6398 | mi=0.0118 | decorr=0.5258 | jepa=0.0194 | kg=0.0978 | total=6.6730
2026-05-29 11:33:33 | DEBUG    | [P1 E01 S1300] asr=5.5204 | mi=0.0137 | decorr=0.4691 | jepa=0.0157 | kg=0.0743 | total=5.5493
2026-05-29 11:33:35 | DEBUG    | [P1 E01 S1310] asr=4.8673 | mi=0.0109 | decorr=0.4530 | jepa=0.0090 | kg=0.0742 | total=4.8947
2026-05-29 11:33:38 | DEBUG    | [P1 E01 S1320] asr=5.4962 | mi=0.0156 | decorr=0.5331 | jepa=0.0066 | kg=0.0731 | total=5.5273
2026-05-29 11:33:40 | DEBUG    | [P1 E01 S1330] asr=5.6995 | mi=0.0086 | decorr=0.3272 | jepa=0.0088 | kg=0.0994 | total=5.7218
2026-05-29 11:33:42 | DEBUG    | [P1 E01 S1340] asr=5.4583 | mi=0.0118 | decorr=0.4886 | jepa=0.0104 | kg=0.0648 | total=5.4871
2026-05-29 11:33:45 | DEBUG    | [P1 E01 S1350] asr=6.2345 | mi=0.0128 | decorr=0.6272 | jepa=0.0026 | kg=0.0647 | total=6.2695
2026-05-29 11:33:48 | DEBUG    | [P1 E01 S1360] asr=6.3000 | mi=0.0110 | decorr=0.4980 | jepa=0.0361 | kg=0.0708 | total=6.3321
2026-05-29 11:33:50 | DEBUG    | [P1 E01 S1370] asr=5.7310 | mi=0.0094 | decorr=0.4311 | jepa=0.0030 | kg=0.0612 | total=5.7560
2026-05-29 11:33:53 | DEBUG    | [P1 E01 S1380] asr=6.3627 | mi=0.0084 | decorr=0.4597 | jepa=0.0066 | kg=0.0681 | total=6.3899
2026-05-29 11:33:56 | DEBUG    | [P1 E01 S1390] asr=4.8330 | mi=0.0079 | decorr=0.3807 | jepa=0.0094 | kg=0.0711 | total=4.8566
2026-05-29 11:33:59 | DEBUG    | [P1 E01 S1400] asr=6.2392 | mi=0.0100 | decorr=0.4169 | jepa=0.0432 | kg=0.0693 | total=6.2679
2026-05-29 11:34:02 | DEBUG    | [P1 E01 S1410] asr=5.6268 | mi=0.0087 | decorr=0.4084 | jepa=0.0060 | kg=0.0646 | total=5.6512
2026-05-29 11:34:04 | DEBUG    | [P1 E01 S1420] asr=6.0079 | mi=0.0116 | decorr=0.4881 | jepa=0.0079 | kg=0.0875 | total=6.0376
2026-05-29 11:34:07 | DEBUG    | [P1 E01 S1430] asr=5.3145 | mi=0.0067 | decorr=0.4326 | jepa=0.0030 | kg=0.0658 | total=5.3398
2026-05-29 11:34:10 | DEBUG    | [P1 E01 S1440] asr=6.5997 | mi=0.0072 | decorr=0.4566 | jepa=0.0025 | kg=0.0785 | total=6.6268
2026-05-29 11:34:12 | DEBUG    | [P1 E01 S1450] asr=5.0890 | mi=0.0080 | decorr=0.4211 | jepa=0.0032 | kg=0.0578 | total=5.1133
2026-05-29 11:34:15 | DEBUG    | [P1 E01 S1460] asr=5.3920 | mi=0.0079 | decorr=0.4058 | jepa=0.0043 | kg=0.0689 | total=5.4163
2026-05-29 11:34:17 | DEBUG    | [P1 E01 S1470] asr=5.5081 | mi=0.0152 | decorr=0.5390 | jepa=0.0098 | kg=0.0679 | total=5.5396
2026-05-29 11:34:20 | DEBUG    | [P1 E01 S1480] asr=4.3948 | mi=0.0081 | decorr=0.3154 | jepa=0.0195 | kg=0.0774 | total=4.4165
2026-05-29 11:34:23 | DEBUG    | [P1 E01 S1490] asr=4.9058 | mi=0.0111 | decorr=0.4563 | jepa=0.0225 | kg=0.0833 | total=4.9351
2026-05-29 11:34:25 | DEBUG    | [P1 E01 S1500] asr=5.9953 | mi=0.0111 | decorr=0.5660 | jepa=0.0025 | kg=0.0780 | total=6.0279
2026-05-29 11:34:25 | INFO     | P1 Epoch 01/10 | asr=5.8901 | mi=0.0211 | decorr=0.5609 | jepa=0.0168 | kg=0.1768 | total=5.9288 | 380.1s
2026-05-29 11:34:32 | INFO     |   Val: 5.5739  ← best
2026-05-29 11:34:33 | INFO     |   Saved Phase1 best → checkpoints/phase1_best.pt
2026-05-29 11:34:35 | DEBUG    | [P1 E02 S1510] asr=4.5549 | mi=0.0088 | decorr=0.3811 | jepa=0.0068 | kg=0.0749 | total=4.5784
2026-05-29 11:34:38 | DEBUG    | [P1 E02 S1520] asr=6.1736 | mi=0.0102 | decorr=0.4776 | jepa=0.0063 | kg=0.1065 | total=6.2036
2026-05-29 11:34:41 | DEBUG    | [P1 E02 S1530] asr=5.2007 | mi=0.0139 | decorr=0.5952 | jepa=0.0051 | kg=0.0949 | total=5.2358
2026-05-29 11:34:43 | DEBUG    | [P1 E02 S1540] asr=5.0855 | mi=0.0101 | decorr=0.4840 | jepa=0.0047 | kg=0.0673 | total=5.1137
2026-05-29 11:34:46 | DEBUG    | [P1 E02 S1550] asr=6.2453 | mi=0.0119 | decorr=0.5855 | jepa=0.0024 | kg=0.0888 | total=6.2794
2026-05-29 11:34:48 | DEBUG    | [P1 E02 S1560] asr=5.2185 | mi=0.0095 | decorr=0.4122 | jepa=0.0068 | kg=0.0731 | total=5.2436
2026-05-29 11:34:50 | DEBUG    | [P1 E02 S1570] asr=4.8817 | mi=0.0070 | decorr=0.4024 | jepa=0.0050 | kg=0.0821 | total=4.9065
2026-05-29 11:34:53 | DEBUG    | [P1 E02 S1580] asr=6.2725 | mi=0.0138 | decorr=0.5583 | jepa=0.0092 | kg=0.0629 | total=6.3046
2026-05-29 11:34:55 | DEBUG    | [P1 E02 S1590] asr=6.9060 | mi=0.0133 | decorr=0.6859 | jepa=0.0020 | kg=0.0798 | total=6.9446
2026-05-29 11:34:58 | DEBUG    | [P1 E02 S1600] asr=5.7014 | mi=0.0089 | decorr=0.4451 | jepa=0.0046 | kg=0.0932 | total=5.7289
2026-05-29 11:35:00 | DEBUG    | [P1 E02 S1610] asr=5.6164 | mi=0.0120 | decorr=0.5113 | jepa=0.0038 | kg=0.0628 | total=5.6456
2026-05-29 11:35:02 | DEBUG    | [P1 E02 S1620] asr=6.4917 | mi=0.0105 | decorr=0.5100 | jepa=0.0046 | kg=0.0636 | total=6.5210
2026-05-29 11:35:04 | DEBUG    | [P1 E02 S1630] asr=4.9349 | mi=0.0151 | decorr=0.5602 | jepa=0.0059 | kg=0.0607 | total=4.9667
2026-05-29 11:35:07 | DEBUG    | [P1 E02 S1640] asr=6.8700 | mi=0.0075 | decorr=0.4984 | jepa=0.0056 | kg=0.0750 | total=6.8993
2026-05-29 11:35:10 | DEBUG    | [P1 E02 S1650] asr=5.3257 | mi=0.0074 | decorr=0.4137 | jepa=0.0036 | kg=0.0547 | total=5.3496
2026-05-29 11:35:12 | DEBUG    | [P1 E02 S1660] asr=5.1309 | mi=0.0075 | decorr=0.4208 | jepa=0.0119 | kg=0.0488 | total=5.1557
2026-05-29 11:35:15 | DEBUG    | [P1 E02 S1670] asr=5.0526 | mi=0.0094 | decorr=0.4356 | jepa=0.0052 | kg=0.0789 | total=5.0790
2026-05-29 11:35:18 | DEBUG    | [P1 E02 S1680] asr=4.7524 | mi=0.0106 | decorr=0.4228 | jepa=0.0064 | kg=0.0885 | total=4.7787
2026-05-29 11:35:20 | DEBUG    | [P1 E02 S1690] asr=5.8988 | mi=0.0112 | decorr=0.4468 | jepa=0.0757 | kg=0.0905 | total=5.9334
2026-05-29 11:35:23 | DEBUG    | [P1 E02 S1700] asr=5.8990 | mi=0.0114 | decorr=0.5154 | jepa=0.0126 | kg=0.0742 | total=5.9298
2026-05-29 11:35:25 | DEBUG    | [P1 E02 S1710] asr=5.3739 | mi=0.0079 | decorr=0.4017 | jepa=0.0066 | kg=0.0661 | total=5.3980
2026-05-29 11:35:28 | DEBUG    | [P1 E02 S1720] asr=5.3618 | mi=0.0125 | decorr=0.4874 | jepa=0.0055 | kg=0.0503 | total=5.3893
2026-05-29 11:35:30 | DEBUG    | [P1 E02 S1730] asr=4.5040 | mi=0.0154 | decorr=0.4447 | jepa=0.0120 | kg=0.0474 | total=4.5300
2026-05-29 11:35:33 | DEBUG    | [P1 E02 S1740] asr=5.2748 | mi=0.0074 | decorr=0.3326 | jepa=0.0322 | kg=0.0542 | total=5.2974
2026-05-29 11:35:36 | DEBUG    | [P1 E02 S1750] asr=5.5589 | mi=0.0095 | decorr=0.4717 | jepa=0.0020 | kg=0.0467 | total=5.5851
2026-05-29 11:35:38 | DEBUG    | [P1 E02 S1760] asr=5.7769 | mi=0.0149 | decorr=0.6216 | jepa=0.0019 | kg=0.0516 | total=5.8109
2026-05-29 11:35:41 | DEBUG    | [P1 E02 S1770] asr=5.8315 | mi=0.0133 | decorr=0.5928 | jepa=0.0140 | kg=0.0576 | total=5.8656
2026-05-29 11:35:43 | DEBUG    | [P1 E02 S1780] asr=6.1304 | mi=0.0099 | decorr=0.4466 | jepa=0.0132 | kg=0.0589 | total=6.1571
2026-05-29 11:35:46 | DEBUG    | [P1 E02 S1790] asr=5.7723 | mi=0.0112 | decorr=0.4715 | jepa=0.0045 | kg=0.0535 | total=5.7991
2026-05-29 11:35:49 | DEBUG    | [P1 E02 S1800] asr=5.2504 | mi=0.0071 | decorr=0.3935 | jepa=0.0038 | kg=0.0477 | total=5.2729
2026-05-29 11:35:51 | DEBUG    | [P1 E02 S1810] asr=5.4572 | mi=0.0090 | decorr=0.4565 | jepa=0.0111 | kg=0.0797 | total=5.4852
2026-05-29 11:35:53 | DEBUG    | [P1 E02 S1820] asr=6.0054 | mi=0.0081 | decorr=0.4122 | jepa=0.0085 | kg=0.0672 | total=6.0303
2026-05-29 11:35:56 | DEBUG    | [P1 E02 S1830] asr=4.9014 | mi=0.0090 | decorr=0.4060 | jepa=0.0064 | kg=0.0539 | total=4.9251
2026-05-29 11:35:59 | DEBUG    | [P1 E02 S1840] asr=6.0502 | mi=0.0098 | decorr=0.4671 | jepa=0.0048 | kg=0.0893 | total=6.0786
2026-05-29 11:36:02 | DEBUG    | [P1 E02 S1850] asr=7.2016 | mi=0.0144 | decorr=0.6011 | jepa=0.0054 | kg=0.0756 | total=7.2361
2026-05-29 11:36:04 | DEBUG    | [P1 E02 S1860] asr=4.8416 | mi=0.0097 | decorr=0.4312 | jepa=0.0082 | kg=0.0590 | total=4.8670
2026-05-29 11:36:06 | DEBUG    | [P1 E02 S1870] asr=6.2464 | mi=0.0181 | decorr=0.6508 | jepa=0.0054 | kg=0.0686 | total=6.2831
2026-05-29 11:36:08 | DEBUG    | [P1 E02 S1880] asr=6.6336 | mi=0.0111 | decorr=0.4825 | jepa=0.0159 | kg=0.0526 | total=6.6620
2026-05-29 11:36:11 | DEBUG    | [P1 E02 S1890] asr=5.5582 | mi=0.0101 | decorr=0.4146 | jepa=0.0439 | kg=0.0867 | total=5.5878
2026-05-29 11:36:13 | DEBUG    | [P1 E02 S1900] asr=5.0933 | mi=0.0103 | decorr=0.4530 | jepa=0.0058 | kg=0.0652 | total=5.1199
2026-05-29 11:36:16 | DEBUG    | [P1 E02 S1910] asr=6.2252 | mi=0.0100 | decorr=0.4634 | jepa=0.0059 | kg=0.0520 | total=6.2516
2026-05-29 11:36:18 | DEBUG    | [P1 E02 S1920] asr=5.3935 | mi=0.0119 | decorr=0.5368 | jepa=0.0037 | kg=0.0551 | total=5.4235
2026-05-29 11:36:21 | DEBUG    | [P1 E02 S1930] asr=5.1069 | mi=0.0129 | decorr=0.4840 | jepa=0.0295 | kg=0.0554 | total=5.1369
2026-05-29 11:36:24 | DEBUG    | [P1 E02 S1940] asr=4.9146 | mi=0.0068 | decorr=0.3908 | jepa=0.0174 | kg=0.0509 | total=4.9385
2026-05-29 11:36:27 | DEBUG    | [P1 E02 S1950] asr=5.7085 | mi=0.0081 | decorr=0.3576 | jepa=0.0143 | kg=0.0489 | total=5.7303
2026-05-29 11:36:29 | DEBUG    | [P1 E02 S1960] asr=5.1782 | mi=0.0087 | decorr=0.4418 | jepa=0.0069 | kg=0.0538 | total=5.2038
2026-05-29 11:36:31 | DEBUG    | [P1 E02 S1970] asr=4.7564 | mi=0.0093 | decorr=0.3986 | jepa=0.0025 | kg=0.0592 | total=4.7797
2026-05-29 11:36:33 | DEBUG    | [P1 E02 S1980] asr=4.9099 | mi=0.0145 | decorr=0.5478 | jepa=0.0042 | kg=0.0528 | total=4.9405
2026-05-29 11:36:36 | DEBUG    | [P1 E02 S1990] asr=5.6261 | mi=0.0129 | decorr=0.5183 | jepa=0.0046 | kg=0.0613 | total=5.6557
2026-05-29 11:36:39 | DEBUG    | [P1 E02 S2000] asr=4.6676 | mi=0.0094 | decorr=0.4035 | jepa=0.0059 | kg=0.0579 | total=4.6914
2026-05-29 11:36:41 | DEBUG    | [P1 E02 S2010] asr=4.9976 | mi=0.0158 | decorr=0.5098 | jepa=0.0079 | kg=0.0545 | total=5.0267
2026-05-29 11:36:43 | DEBUG    | [P1 E02 S2020] asr=4.8108 | mi=0.0068 | decorr=0.3514 | jepa=0.0033 | kg=0.0482 | total=4.8312
2026-05-29 11:36:46 | DEBUG    | [P1 E02 S2030] asr=7.4087 | mi=0.0111 | decorr=0.6225 | jepa=0.0055 | kg=0.0447 | total=7.4427
2026-05-29 11:36:48 | DEBUG    | [P1 E02 S2040] asr=5.0602 | mi=0.0066 | decorr=0.4064 | jepa=0.0037 | kg=0.0505 | total=5.0835
2026-05-29 11:36:51 | DEBUG    | [P1 E02 S2050] asr=5.8969 | mi=0.0104 | decorr=0.4870 | jepa=0.0039 | kg=0.0512 | total=5.9243
2026-05-29 11:36:53 | DEBUG    | [P1 E02 S2060] asr=6.8779 | mi=0.0067 | decorr=0.4706 | jepa=0.0020 | kg=0.0432 | total=6.9039
2026-05-29 11:36:56 | DEBUG    | [P1 E02 S2070] asr=4.5528 | mi=0.0081 | decorr=0.3564 | jepa=0.0042 | kg=0.0434 | total=4.5733
2026-05-29 11:36:58 | DEBUG    | [P1 E02 S2080] asr=5.3832 | mi=0.0102 | decorr=0.4155 | jepa=0.0048 | kg=0.0431 | total=5.4067
2026-05-29 11:37:01 | DEBUG    | [P1 E02 S2090] asr=5.0433 | mi=0.0139 | decorr=0.4388 | jepa=0.0078 | kg=0.0441 | total=5.0683
2026-05-29 11:37:04 | DEBUG    | [P1 E02 S2100] asr=6.0145 | mi=0.0110 | decorr=0.4903 | jepa=0.0084 | kg=0.0427 | total=6.0422
2026-05-29 11:37:07 | DEBUG    | [P1 E02 S2110] asr=5.6965 | mi=0.0085 | decorr=0.4469 | jepa=0.0033 | kg=0.0512 | total=5.7218
2026-05-29 11:37:09 | DEBUG    | [P1 E02 S2120] asr=4.9473 | mi=0.0083 | decorr=0.3969 | jepa=0.0025 | kg=0.0487 | total=4.9699
2026-05-29 11:37:11 | DEBUG    | [P1 E02 S2130] asr=5.1646 | mi=0.0101 | decorr=0.4720 | jepa=0.0151 | kg=0.0533 | total=5.1925
2026-05-29 11:37:14 | DEBUG    | [P1 E02 S2140] asr=5.9789 | mi=0.0094 | decorr=0.4800 | jepa=0.0026 | kg=0.0432 | total=6.0054
2026-05-29 11:37:15 | DEBUG    | [P1 E02 S2150] asr=4.6473 | mi=0.0113 | decorr=0.4405 | jepa=0.0049 | kg=0.0399 | total=4.6719
2026-05-29 11:37:18 | DEBUG    | [P1 E02 S2160] asr=5.8906 | mi=0.0081 | decorr=0.3378 | jepa=0.0622 | kg=0.0603 | total=5.9168
2026-05-29 11:37:20 | DEBUG    | [P1 E02 S2170] asr=5.7102 | mi=0.0143 | decorr=0.5345 | jepa=0.0028 | kg=0.0430 | total=5.7395
2026-05-29 11:37:22 | DEBUG    | [P1 E02 S2180] asr=5.1113 | mi=0.0091 | decorr=0.3949 | jepa=0.0035 | kg=0.0425 | total=5.1336
2026-05-29 11:37:25 | DEBUG    | [P1 E02 S2190] asr=5.3014 | mi=0.0062 | decorr=0.2994 | jepa=0.0345 | kg=0.0498 | total=5.3224
2026-05-29 11:37:27 | DEBUG    | [P1 E02 S2200] asr=5.4612 | mi=0.0102 | decorr=0.3956 | jepa=0.0099 | kg=0.0476 | total=5.4845
2026-05-29 11:37:30 | DEBUG    | [P1 E02 S2210] asr=5.8450 | mi=0.0113 | decorr=0.4766 | jepa=0.0038 | kg=0.0501 | total=5.8718
2026-05-29 11:37:32 | DEBUG    | [P1 E02 S2220] asr=4.8565 | mi=0.0126 | decorr=0.4565 | jepa=0.0020 | kg=0.0466 | total=4.8820
2026-05-29 11:37:34 | DEBUG    | [P1 E02 S2230] asr=6.6783 | mi=0.0066 | decorr=0.3847 | jepa=0.0010 | kg=0.0627 | total=6.7008
2026-05-29 11:37:37 | DEBUG    | [P1 E02 S2240] asr=5.5320 | mi=0.0074 | decorr=0.3363 | jepa=0.0428 | kg=0.0609 | total=5.5562
2026-05-29 11:37:39 | DEBUG    | [P1 E02 S2250] asr=4.2829 | mi=0.0120 | decorr=0.4082 | jepa=0.0056 | kg=0.0481 | total=4.3064
2026-05-29 11:37:41 | DEBUG    | [P1 E02 S2260] asr=6.3625 | mi=0.0108 | decorr=0.4323 | jepa=0.0142 | kg=0.0562 | total=6.3884
2026-05-29 11:37:44 | DEBUG    | [P1 E02 S2270] asr=5.4484 | mi=0.0069 | decorr=0.3258 | jepa=0.0035 | kg=0.0454 | total=5.4673
2026-05-29 11:37:46 | DEBUG    | [P1 E02 S2280] asr=5.1711 | mi=0.0117 | decorr=0.4544 | jepa=0.0030 | kg=0.0794 | total=5.1982
2026-05-29 11:37:49 | DEBUG    | [P1 E02 S2290] asr=6.1009 | mi=0.0084 | decorr=0.4009 | jepa=0.0034 | kg=0.0607 | total=6.1244
2026-05-29 11:37:51 | DEBUG    | [P1 E02 S2300] asr=5.1567 | mi=0.0123 | decorr=0.5142 | jepa=0.0019 | kg=0.0485 | total=5.1851
2026-05-29 11:37:54 | DEBUG    | [P1 E02 S2310] asr=4.7523 | mi=0.0079 | decorr=0.3394 | jepa=0.0025 | kg=0.0481 | total=4.7720
2026-05-29 11:37:56 | DEBUG    | [P1 E02 S2320] asr=5.0989 | mi=0.0078 | decorr=0.3593 | jepa=0.0027 | kg=0.0449 | total=5.1195
2026-05-29 11:37:59 | DEBUG    | [P1 E02 S2330] asr=5.8023 | mi=0.0064 | decorr=0.3227 | jepa=0.0157 | kg=0.0505 | total=5.8226
2026-05-29 11:38:02 | DEBUG    | [P1 E02 S2340] asr=6.3965 | mi=0.0057 | decorr=0.4238 | jepa=0.0026 | kg=0.0406 | total=6.4200
2026-05-29 11:38:04 | DEBUG    | [P1 E02 S2350] asr=5.6713 | mi=0.0078 | decorr=0.4531 | jepa=0.0032 | kg=0.0569 | total=5.6972
2026-05-29 11:38:06 | DEBUG    | [P1 E02 S2360] asr=6.0672 | mi=0.0148 | decorr=0.5501 | jepa=0.0024 | kg=0.0508 | total=6.0976
2026-05-29 11:38:09 | DEBUG    | [P1 E02 S2370] asr=5.2521 | mi=0.0085 | decorr=0.3810 | jepa=0.0042 | kg=0.0530 | total=5.2743
2026-05-29 11:39:24 | INFO     | CUDA optimisations: TF32 matmul + cudnn.benchmark ON
2026-05-29 11:39:24 | INFO     | Device: cuda | Model: small | AMP: True | accum_steps: 1
2026-05-29 11:39:28 | INFO     | KG: 4577 nodes | embed_dim=128
2026-05-29 11:39:28 | INFO     | Compiling model with torch.compile (mode=reduce-overhead)…
2026-05-29 11:39:31 | INFO     | torch.compile done.
2026-05-29 11:39:31 | INFO     | Trainable parameters: 28,427,189
2026-05-29 11:39:31 | INFO     | === Phase 1: Base task (epochs 1–10) ===
2026-05-29 12:01:55 | INFO     | CUDA optimisations: TF32 + cudnn.benchmark ON | AMP dtype: torch.bfloat16
2026-05-29 12:01:55 | INFO     | Device: cuda | Model: small | AMP: True | accum_steps: 1
2026-05-29 12:01:58 | INFO     | KG: 4577 nodes | embed_dim=128
2026-05-29 12:01:59 | INFO     | Compiling model with torch.compile (mode=max-autotune)…
2026-05-29 12:02:02 | INFO     | torch.compile done.
2026-05-29 12:02:02 | INFO     | Trainable parameters: 28,427,189
2026-05-29 12:02:02 | INFO     | === Phase 1: Base task (epochs 1–10) ===
2026-05-29 12:16:01 | DEBUG    | [P1 E01 S10] asr=10.2047 | mi=0.1291 | decorr=0.7519 | jepa=0.1433 | kg=1.1979 | total=10.3178
2026-05-29 12:16:04 | DEBUG    | [P1 E01 S20] asr=9.1485 | mi=0.0988 | decorr=0.8009 | jepa=0.0533 | kg=1.1910 | total=9.2544
2026-05-29 12:16:08 | DEBUG    | [P1 E01 S30] asr=7.8131 | mi=0.0610 | decorr=0.7492 | jepa=0.0420 | kg=1.0644 | total=7.9086
2026-05-29 12:16:12 | DEBUG    | [P1 E01 S40] asr=7.1462 | mi=0.0489 | decorr=0.6995 | jepa=0.0345 | kg=1.3029 | total=7.2503
2026-05-29 12:16:15 | DEBUG    | [P1 E01 S50] asr=6.2311 | mi=0.0375 | decorr=0.6464 | jepa=0.0321 | kg=0.5267 | total=6.2934
2026-05-29 12:16:19 | DEBUG    | [P1 E01 S60] asr=6.4292 | mi=0.0350 | decorr=0.6261 | jepa=0.0389 | kg=0.8252 | total=6.5060
2026-05-29 12:16:22 | DEBUG    | [P1 E01 S70] asr=6.0964 | mi=0.0295 | decorr=0.6029 | jepa=0.0205 | kg=0.6012 | total=6.1589
2026-05-29 12:16:26 | DEBUG    | [P1 E01 S80] asr=5.9029 | mi=0.0268 | decorr=0.5928 | jepa=0.0163 | kg=0.4871 | total=5.9588
2026-05-29 12:16:30 | DEBUG    | [P1 E01 S90] asr=6.0627 | mi=0.0271 | decorr=0.5812 | jepa=0.0159 | kg=0.4514 | total=6.1162
2026-05-29 12:16:33 | DEBUG    | [P1 E01 S100] asr=5.3755 | mi=0.0224 | decorr=0.5436 | jepa=0.0113 | kg=0.4046 | total=5.4242
2026-05-29 12:16:37 | DEBUG    | [P1 E01 S110] asr=5.7209 | mi=0.0296 | decorr=0.5850 | jepa=0.0170 | kg=1.1891 | total=5.8116
2026-05-29 12:16:40 | DEBUG    | [P1 E01 S120] asr=5.5886 | mi=0.0256 | decorr=0.5577 | jepa=0.0112 | kg=0.2585 | total=5.6308
2026-05-29 12:16:44 | DEBUG    | [P1 E01 S130] asr=6.0526 | mi=0.0231 | decorr=0.5456 | jepa=0.0123 | kg=1.1963 | total=6.1411
2026-05-29 12:16:47 | DEBUG    | [P1 E01 S140] asr=6.4208 | mi=0.0224 | decorr=0.5344 | jepa=0.0127 | kg=0.2913 | total=6.4636
2026-05-29 12:16:51 | DEBUG    | [P1 E01 S150] asr=5.4668 | mi=0.0230 | decorr=0.5142 | jepa=0.0105 | kg=0.3751 | total=5.5126
2026-05-29 12:16:54 | DEBUG    | [P1 E01 S160] asr=6.1406 | mi=0.0260 | decorr=0.5205 | jepa=0.0145 | kg=1.2562 | total=6.2312
2026-05-29 12:16:58 | DEBUG    | [P1 E01 S170] asr=5.6346 | mi=0.0211 | decorr=0.4785 | jepa=0.0144 | kg=1.2549 | total=5.7229
2026-05-29 12:17:01 | DEBUG    | [P1 E01 S180] asr=5.7353 | mi=0.0219 | decorr=0.4945 | jepa=0.0152 | kg=1.1357 | total=5.8186
2026-05-29 12:17:04 | INFO     | P1 Epoch 01/10 | asr=6.5307 | mi=0.0431 | decorr=0.5980 | jepa=0.0459 | kg=0.7847 | total=6.6049 | 902.2s (13 samp/s)
2026-05-29 12:17:06 | INFO     |   Val: 5.6569  ← best
2026-05-29 12:17:07 | INFO     |   Saved Phase1 best → checkpoints/phase1_best.pt
2026-05-29 12:17:08 | DEBUG    | [P1 E02 S190] asr=5.3506 | mi=0.0226 | decorr=0.5114 | jepa=0.0122 | kg=1.1312 | total=5.4342
2026-05-29 12:17:12 | DEBUG    | [P1 E02 S200] asr=5.4014 | mi=0.0246 | decorr=0.5093 | jepa=0.0097 | kg=0.3014 | total=5.4432
2026-05-29 12:17:16 | DEBUG    | [P1 E02 S210] asr=5.4822 | mi=0.0224 | decorr=0.4954 | jepa=0.0089 | kg=0.5920 | total=5.5377
2026-05-29 12:17:19 | DEBUG    | [P1 E02 S220] asr=5.8075 | mi=0.0209 | decorr=0.4720 | jepa=0.0079 | kg=1.2849 | total=5.8963
2026-05-29 12:17:23 | DEBUG    | [P1 E02 S230] asr=5.7776 | mi=0.0223 | decorr=0.4784 | jepa=0.0077 | kg=0.3535 | total=5.8202
2026-05-29 12:17:26 | DEBUG    | [P1 E02 S240] asr=5.8116 | mi=0.0210 | decorr=0.4679 | jepa=0.0083 | kg=0.3140 | total=5.8517
2026-05-29 12:17:30 | DEBUG    | [P1 E02 S250] asr=5.6861 | mi=0.0212 | decorr=0.4384 | jepa=0.0091 | kg=0.2199 | total=5.7201
2026-05-29 12:17:33 | DEBUG    | [P1 E02 S260] asr=5.5538 | mi=0.0182 | decorr=0.4207 | jepa=0.0073 | kg=0.2078 | total=5.5861
2026-05-29 12:17:37 | DEBUG    | [P1 E02 S270] asr=5.2740 | mi=0.0199 | decorr=0.4302 | jepa=0.0077 | kg=1.1579 | total=5.3544
2026-05-29 12:17:40 | DEBUG    | [P1 E02 S280] asr=5.2445 | mi=0.0208 | decorr=0.4119 | jepa=0.0082 | kg=1.0911 | total=5.3206
2026-05-29 12:17:44 | DEBUG    | [P1 E02 S290] asr=5.5368 | mi=0.0201 | decorr=0.4290 | jepa=0.0073 | kg=1.2489 | total=5.6216
2026-05-29 12:18:04 | INFO     | CUDA optimisations: TF32 + cudnn.benchmark ON | AMP dtype: torch.bfloat16
2026-05-29 12:18:04 | INFO     | Device: cuda | Model: small | AMP: True | accum_steps: 1
2026-05-29 12:18:09 | INFO     | KG: 4577 nodes | embed_dim=128
2026-05-29 12:18:09 | INFO     | Compiling model with torch.compile (mode=reduce-overhead)…
2026-05-29 12:18:11 | INFO     | torch.compile done.
2026-05-29 12:18:11 | INFO     | Trainable parameters: 28,427,189
2026-05-29 12:18:11 | INFO     | === Phase 1: Base task (epochs 1–10) ===
2026-05-29 12:29:02 | INFO     | CUDA optimisations: TF32 + cudnn.benchmark ON | AMP dtype: torch.bfloat16
2026-05-29 12:29:02 | INFO     | Device: cuda | Model: small | AMP: True | accum_steps: 1
2026-05-29 12:29:07 | INFO     | KG: 4577 nodes | embed_dim=128
2026-05-29 12:29:08 | INFO     | Compiling model with torch.compile (mode=default)…
2026-05-29 12:29:10 | INFO     | torch.compile done.
2026-05-29 12:29:10 | INFO     | Trainable parameters: 28,427,189
2026-05-29 12:29:10 | INFO     | === Phase 1: Base task (epochs 1–10) ===
2026-05-29 12:49:51 | DEBUG    | [P1 E01 S10] asr=10.2381 | mi=0.1234 | decorr=0.7146 | jepa=0.1371 | kg=1.2277 | total=10.3502
2026-05-29 12:49:58 | DEBUG    | [P1 E01 S20] asr=8.9093 | mi=0.0837 | decorr=0.7136 | jepa=0.0640 | kg=1.2083 | total=9.0126
2026-05-29 12:50:06 | DEBUG    | [P1 E01 S30] asr=8.2405 | mi=0.0505 | decorr=0.6643 | jepa=0.0409 | kg=1.0559 | total=8.3311
2026-05-29 12:50:13 | DEBUG    | [P1 E01 S40] asr=7.4500 | mi=0.0376 | decorr=0.5882 | jepa=0.0346 | kg=0.5378 | total=7.5101
2026-05-29 12:50:20 | DEBUG    | [P1 E01 S50] asr=6.2954 | mi=0.0308 | decorr=0.5630 | jepa=0.0392 | kg=0.2884 | total=6.3422
2026-05-29 12:50:27 | DEBUG    | [P1 E01 S60] asr=6.0841 | mi=0.0193 | decorr=0.5279 | jepa=0.0449 | kg=0.2498 | total=6.1276
2026-05-29 12:50:34 | DEBUG    | [P1 E01 S70] asr=6.0244 | mi=0.0176 | decorr=0.5170 | jepa=0.0271 | kg=0.2389 | total=6.0651
2026-05-29 12:50:42 | DEBUG    | [P1 E01 S80] asr=5.7624 | mi=0.0165 | decorr=0.5097 | jepa=0.0200 | kg=0.2084 | total=5.8004
2026-05-29 12:50:49 | DEBUG    | [P1 E01 S90] asr=5.7091 | mi=0.0164 | decorr=0.5012 | jepa=0.0167 | kg=0.2563 | total=5.7488
2026-05-29 12:50:56 | DEBUG    | [P1 E01 S100] asr=5.7055 | mi=0.0181 | decorr=0.5032 | jepa=0.0153 | kg=0.2458 | total=5.7447
2026-05-29 12:51:03 | DEBUG    | [P1 E01 S110] asr=5.1599 | mi=0.0159 | decorr=0.4893 | jepa=0.0118 | kg=0.2132 | total=5.1964
2026-05-29 12:51:11 | DEBUG    | [P1 E01 S120] asr=5.6969 | mi=0.0137 | decorr=0.4634 | jepa=0.0140 | kg=0.2105 | total=5.7321
2026-05-29 12:51:18 | DEBUG    | [P1 E01 S130] asr=5.8448 | mi=0.0114 | decorr=0.4546 | jepa=0.0134 | kg=0.2091 | total=5.8794
2026-05-29 12:51:26 | DEBUG    | [P1 E01 S140] asr=5.7249 | mi=0.0139 | decorr=0.4540 | jepa=0.0104 | kg=0.1992 | total=5.7587
2026-05-29 12:51:33 | DEBUG    | [P1 E01 S150] asr=5.2436 | mi=0.0118 | decorr=0.4438 | jepa=0.0096 | kg=0.1756 | total=5.2756
2026-05-29 12:51:40 | DEBUG    | [P1 E01 S160] asr=5.6756 | mi=0.0141 | decorr=0.4503 | jepa=0.0083 | kg=0.1631 | total=5.7072
2026-05-29 12:51:48 | DEBUG    | [P1 E01 S170] asr=5.5457 | mi=0.0121 | decorr=0.4234 | jepa=0.0083 | kg=0.1564 | total=5.5756
2026-05-29 12:51:55 | DEBUG    | [P1 E01 S180] asr=5.3951 | mi=0.0128 | decorr=0.4116 | jepa=0.0081 | kg=0.2504 | total=5.4291
2026-05-29 12:52:00 | INFO     | P1 Epoch 01/10 | asr=6.5274 | mi=0.0306 | decorr=0.5125 | jepa=0.0462 | kg=0.4581 | total=6.5809 | 1370.0s (9 samp/s)
2026-05-29 12:52:04 | INFO     |   Val: 5.6253  ← best
2026-05-29 12:52:05 | INFO     |   Saved Phase1 best → checkpoints/phase1_best.pt
2026-05-29 12:52:07 | DEBUG    | [P1 E02 S190] asr=5.7124 | mi=0.0111 | decorr=0.4079 | jepa=0.0076 | kg=0.2113 | total=5.7442
2026-05-29 12:52:15 | DEBUG    | [P1 E02 S200] asr=5.9891 | mi=0.0121 | decorr=0.4169 | jepa=0.0079 | kg=0.2021 | total=6.0210
2026-05-29 12:52:22 | DEBUG    | [P1 E02 S210] asr=5.7981 | mi=0.0113 | decorr=0.4003 | jepa=0.0055 | kg=0.1904 | total=5.8283
2026-05-29 12:52:35 | DEBUG    | [P1 E02 S220] asr=5.6406 | mi=0.0102 | decorr=0.3788 | jepa=0.0079 | kg=0.1904 | total=5.6700
2026-05-29 12:52:42 | DEBUG    | [P1 E02 S230] asr=5.7690 | mi=0.0119 | decorr=0.3845 | jepa=0.0068 | kg=0.1551 | total=5.7968
2026-05-29 12:52:50 | DEBUG    | [P1 E02 S240] asr=5.4600 | mi=0.0105 | decorr=0.3739 | jepa=0.0063 | kg=0.1432 | total=5.4866
2026-05-29 12:52:57 | DEBUG    | [P1 E02 S250] asr=5.7726 | mi=0.0099 | decorr=0.3533 | jepa=0.0071 | kg=0.1463 | total=5.7984
2026-05-29 12:53:04 | DEBUG    | [P1 E02 S260] asr=5.6695 | mi=0.0099 | decorr=0.3549 | jepa=0.0067 | kg=0.1420 | total=5.6951
2026-05-29 12:53:12 | DEBUG    | [P1 E02 S270] asr=5.7218 | mi=0.0101 | decorr=0.3524 | jepa=0.0075 | kg=0.1565 | total=5.7481
2026-05-29 12:53:19 | DEBUG    | [P1 E02 S280] asr=5.9817 | mi=0.0109 | decorr=0.3373 | jepa=0.0097 | kg=0.1744 | total=6.0083
2026-05-29 12:53:26 | DEBUG    | [P1 E02 S290] asr=5.4601 | mi=0.0109 | decorr=0.3413 | jepa=0.0073 | kg=0.1961 | total=5.4878
2026-05-29 12:53:33 | DEBUG    | [P1 E02 S300] asr=5.7383 | mi=0.0101 | decorr=0.3556 | jepa=0.0051 | kg=0.1589 | total=5.7646
2026-05-29 12:53:40 | DEBUG    | [P1 E02 S310] asr=5.2084 | mi=0.0112 | decorr=0.3638 | jepa=0.0069 | kg=0.1563 | total=5.2352
2026-05-29 12:53:48 | DEBUG    | [P1 E02 S320] asr=5.5361 | mi=0.0097 | decorr=0.3343 | jepa=0.0065 | kg=0.1882 | total=5.5630
2026-05-29 12:53:55 | DEBUG    | [P1 E02 S330] asr=5.5929 | mi=0.0115 | decorr=0.3455 | jepa=0.0057 | kg=0.1539 | total=5.6185
2026-05-29 12:54:02 | DEBUG    | [P1 E02 S340] asr=6.1053 | mi=0.0101 | decorr=0.3517 | jepa=0.0060 | kg=0.1688 | total=6.1321
2026-05-29 12:54:09 | DEBUG    | [P1 E02 S350] asr=4.8652 | mi=0.0115 | decorr=0.3379 | jepa=0.0063 | kg=0.1873 | total=4.8922
2026-05-29 12:54:17 | DEBUG    | [P1 E02 S360] asr=5.3968 | mi=0.0098 | decorr=0.3235 | jepa=0.0058 | kg=0.1940 | total=5.4234
2026-05-29 12:54:24 | DEBUG    | [P1 E02 S370] asr=5.3515 | mi=0.0099 | decorr=0.3304 | jepa=0.0061 | kg=0.1658 | total=5.3770
2026-05-29 12:54:27 | INFO     | P1 Epoch 02/10 | asr=5.5201 | mi=0.0108 | decorr=0.3607 | jepa=0.0067 | kg=0.1779 | total=5.5478 | 141.8s (84 samp/s)
2026-05-29 12:54:31 | INFO     |   Val: 5.5438  ← best
2026-05-29 12:54:32 | INFO     |   Saved Phase1 best → checkpoints/phase1_best.pt
2026-05-29 12:54:36 | DEBUG    | [P1 E03 S380] asr=5.6806 | mi=0.0092 | decorr=0.3128 | jepa=0.0067 | kg=0.1445 | total=5.7042
2026-05-29 12:54:44 | DEBUG    | [P1 E03 S390] asr=5.3378 | mi=0.0076 | decorr=0.2943 | jepa=0.0052 | kg=0.2196 | total=5.3641
2026-05-29 12:54:51 | DEBUG    | [P1 E03 S400] asr=5.9224 | mi=0.0088 | decorr=0.3116 | jepa=0.0040 | kg=0.1515 | total=5.9461
2026-05-29 12:54:58 | DEBUG    | [P1 E03 S410] asr=5.0482 | mi=0.0098 | decorr=0.2884 | jepa=0.0069 | kg=0.1574 | total=5.0713
2026-05-29 12:55:06 | DEBUG    | [P1 E03 S420] asr=5.4599 | mi=0.0104 | decorr=0.3092 | jepa=0.0051 | kg=1.2730 | total=5.5396
2026-05-29 12:55:13 | DEBUG    | [P1 E03 S430] asr=5.3702 | mi=0.0092 | decorr=0.2890 | jepa=0.0063 | kg=0.1864 | total=5.3946
2026-05-29 12:55:21 | DEBUG    | [P1 E03 S440] asr=5.4597 | mi=0.0097 | decorr=0.2933 | jepa=0.0050 | kg=0.1486 | total=5.4824
2026-05-29 12:55:28 | DEBUG    | [P1 E03 S450] asr=5.6919 | mi=0.0088 | decorr=0.2933 | jepa=0.0056 | kg=0.1391 | total=5.7141
2026-05-29 12:55:35 | DEBUG    | [P1 E03 S460] asr=5.5161 | mi=0.0102 | decorr=0.3051 | jepa=0.0049 | kg=0.1353 | total=5.5388
2026-05-29 12:55:42 | DEBUG    | [P1 E03 S470] asr=5.1822 | mi=0.0093 | decorr=0.2622 | jepa=0.0073 | kg=0.1934 | total=5.2058
2026-05-29 12:55:50 | DEBUG    | [P1 E03 S480] asr=5.4322 | mi=0.0079 | decorr=0.2739 | jepa=0.0053 | kg=0.1844 | total=5.4557
2026-05-29 12:55:57 | DEBUG    | [P1 E03 S490] asr=5.6132 | mi=0.0076 | decorr=0.2838 | jepa=0.0042 | kg=0.2523 | total=5.6405
2026-05-29 12:56:04 | DEBUG    | [P1 E03 S500] asr=5.8534 | mi=0.0100 | decorr=0.3072 | jepa=0.0057 | kg=0.1823 | total=5.8785
2026-05-29 12:56:11 | DEBUG    | [P1 E03 S510] asr=5.0306 | mi=0.0103 | decorr=0.2881 | jepa=0.0096 | kg=0.1910 | total=5.0556
2026-05-29 12:56:19 | DEBUG    | [P1 E03 S520] asr=5.3500 | mi=0.0112 | decorr=0.3026 | jepa=0.0099 | kg=0.1809 | total=5.3753
2026-05-29 12:56:26 | DEBUG    | [P1 E03 S530] asr=5.6091 | mi=0.0085 | decorr=0.2993 | jepa=0.0063 | kg=0.1736 | total=5.6335
2026-05-29 12:56:33 | DEBUG    | [P1 E03 S540] asr=6.0364 | mi=0.0084 | decorr=0.2910 | jepa=0.0050 | kg=0.1560 | total=6.0593
2026-05-29 12:56:41 | DEBUG    | [P1 E03 S550] asr=5.5407 | mi=0.0093 | decorr=0.2963 | jepa=0.0056 | kg=0.1315 | total=5.5627
2026-05-29 12:56:48 | DEBUG    | [P1 E03 S560] asr=4.8204 | mi=0.0076 | decorr=0.2514 | jepa=0.0068 | kg=0.1382 | total=4.8406
2026-05-29 12:56:49 | INFO     | P1 Epoch 03/10 | asr=5.4817 | mi=0.0090 | decorr=0.2943 | jepa=0.0055 | kg=0.1854 | total=5.5064 | 136.6s (88 samp/s)
2026-05-29 12:56:53 | INFO     |   Val: 5.5636
2026-05-29 12:56:59 | DEBUG    | [P1 E04 S570] asr=5.1813 | mi=0.0067 | decorr=0.2496 | jepa=0.0048 | kg=0.1178 | total=5.2003
2026-05-29 12:57:06 | DEBUG    | [P1 E04 S580] asr=5.5800 | mi=0.0073 | decorr=0.2659 | jepa=0.0052 | kg=0.1123 | total=5.5995
2026-05-29 12:57:13 | DEBUG    | [P1 E04 S590] asr=5.4084 | mi=0.0078 | decorr=0.2677 | jepa=0.0041 | kg=0.1056 | total=5.4275
2026-05-29 12:57:21 | DEBUG    | [P1 E04 S600] asr=5.3403 | mi=0.0096 | decorr=0.2789 | jepa=0.0053 | kg=0.1077 | total=5.3603
2026-05-29 12:57:28 | DEBUG    | [P1 E04 S610] asr=5.3528 | mi=0.0081 | decorr=0.2651 | jepa=0.0055 | kg=0.1041 | total=5.3719
2026-05-29 12:57:35 | DEBUG    | [P1 E04 S620] asr=5.5936 | mi=0.0085 | decorr=0.2873 | jepa=0.0054 | kg=0.1025 | total=5.6137
2026-05-29 12:57:42 | DEBUG    | [P1 E04 S630] asr=5.2493 | mi=0.0084 | decorr=0.2522 | jepa=0.0069 | kg=0.1192 | total=5.2686
2026-05-29 12:57:49 | DEBUG    | [P1 E04 S640] asr=5.5510 | mi=0.0066 | decorr=0.2541 | jepa=0.0046 | kg=0.1093 | total=5.5697
2026-05-29 12:57:57 | DEBUG    | [P1 E04 S650] asr=5.4687 | mi=0.0071 | decorr=0.2619 | jepa=0.0037 | kg=0.1077 | total=5.4876
2026-05-29 12:58:04 | DEBUG    | [P1 E04 S660] asr=5.9130 | mi=0.0083 | decorr=0.2661 | jepa=0.0066 | kg=0.1089 | total=5.9325
2026-05-29 12:58:11 | DEBUG    | [P1 E04 S670] asr=5.6015 | mi=0.0082 | decorr=0.2544 | jepa=0.0059 | kg=0.1227 | total=5.6210
2026-05-29 12:58:18 | DEBUG    | [P1 E04 S680] asr=5.1428 | mi=0.0068 | decorr=0.2504 | jepa=0.0040 | kg=0.1063 | total=5.1611
2026-05-29 12:58:25 | DEBUG    | [P1 E04 S690] asr=5.2276 | mi=0.0075 | decorr=0.2533 | jepa=0.0038 | kg=0.1025 | total=5.2459
2026-05-29 12:58:33 | DEBUG    | [P1 E04 S700] asr=4.9955 | mi=0.0067 | decorr=0.2253 | jepa=0.0047 | kg=0.1161 | total=5.0131
2026-05-29 12:58:40 | DEBUG    | [P1 E04 S710] asr=5.1882 | mi=0.0075 | decorr=0.2527 | jepa=0.0046 | kg=0.1205 | total=5.2074
2026-05-29 12:58:47 | DEBUG    | [P1 E04 S720] asr=5.2389 | mi=0.0079 | decorr=0.2702 | jepa=0.0039 | kg=0.1222 | total=5.2590
2026-05-29 12:58:54 | DEBUG    | [P1 E04 S730] asr=5.4234 | mi=0.0080 | decorr=0.2642 | jepa=0.0054 | kg=0.1861 | total=5.4465
2026-05-29 12:59:01 | DEBUG    | [P1 E04 S740] asr=6.0335 | mi=0.0063 | decorr=0.2552 | jepa=0.0040 | kg=0.1343 | total=6.0535
2026-05-29 12:59:07 | INFO     | P1 Epoch 04/10 | asr=5.4651 | mi=0.0079 | decorr=0.2643 | jepa=0.0049 | kg=0.1220 | total=5.4850 | 134.5s (89 samp/s)
2026-05-29 12:59:11 | INFO     |   Val: 5.5470
2026-05-29 12:59:13 | DEBUG    | [P1 E05 S750] asr=5.3341 | mi=0.0081 | decorr=0.2504 | jepa=0.0042 | kg=0.1101 | total=5.3526
2026-05-29 12:59:20 | DEBUG    | [P1 E05 S760] asr=5.0219 | mi=0.0082 | decorr=0.2562 | jepa=0.0052 | kg=0.1095 | total=5.0408
2026-05-29 12:59:27 | DEBUG    | [P1 E05 S770] asr=5.3066 | mi=0.0069 | decorr=0.2511 | jepa=0.0045 | kg=0.1173 | total=5.3256
2026-05-29 12:59:34 | DEBUG    | [P1 E05 S780] asr=5.3622 | mi=0.0085 | decorr=0.2589 | jepa=0.0055 | kg=0.1097 | total=5.3813
2026-05-29 12:59:42 | DEBUG    | [P1 E05 S790] asr=6.0100 | mi=0.0073 | decorr=0.2528 | jepa=0.0054 | kg=0.1278 | total=6.0297
2026-05-29 12:59:49 | DEBUG    | [P1 E05 S800] asr=5.4363 | mi=0.0078 | decorr=0.2415 | jepa=0.0047 | kg=0.1041 | total=5.4541
2026-05-29 12:59:56 | DEBUG    | [P1 E05 S810] asr=4.8876 | mi=0.0063 | decorr=0.2183 | jepa=0.0040 | kg=0.0980 | total=4.9039
2026-05-29 13:00:03 | DEBUG    | [P1 E05 S820] asr=5.2352 | mi=0.0064 | decorr=0.2265 | jepa=0.0049 | kg=0.0926 | total=5.2517
2026-05-29 13:00:11 | DEBUG    | [P1 E05 S830] asr=5.4942 | mi=0.0067 | decorr=0.2224 | jepa=0.0041 | kg=0.0973 | total=5.5107
2026-05-29 13:00:18 | DEBUG    | [P1 E05 S840] asr=5.9036 | mi=0.0076 | decorr=0.2462 | jepa=0.0044 | kg=0.0936 | total=5.9211
2026-05-29 13:00:25 | DEBUG    | [P1 E05 S850] asr=5.2528 | mi=0.0076 | decorr=0.2147 | jepa=0.0063 | kg=0.1042 | total=5.2694
2026-05-29 13:00:32 | DEBUG    | [P1 E05 S860] asr=5.6317 | mi=0.0077 | decorr=0.2307 | jepa=0.0067 | kg=0.1173 | total=5.6499
2026-05-29 13:00:40 | DEBUG    | [P1 E05 S870] asr=5.3913 | mi=0.0066 | decorr=0.2294 | jepa=0.0038 | kg=0.0981 | total=5.4081
2026-05-29 13:00:47 | DEBUG    | [P1 E05 S880] asr=5.6305 | mi=0.0078 | decorr=0.2323 | jepa=0.0052 | kg=0.1096 | total=5.6481
2026-05-29 13:00:54 | DEBUG    | [P1 E05 S890] asr=5.2817 | mi=0.0067 | decorr=0.2192 | jepa=0.0050 | kg=0.1133 | total=5.2989
2026-05-29 13:01:01 | DEBUG    | [P1 E05 S900] asr=5.6664 | mi=0.0073 | decorr=0.2237 | jepa=0.0055 | kg=0.1065 | total=5.6836
2026-05-29 13:01:08 | DEBUG    | [P1 E05 S910] asr=5.4105 | mi=0.0056 | decorr=0.2055 | jepa=0.0044 | kg=1.2445 | total=5.4835
2026-05-29 13:01:16 | DEBUG    | [P1 E05 S920] asr=5.5600 | mi=0.0061 | decorr=0.1909 | jepa=0.0056 | kg=0.1312 | total=5.5767
2026-05-29 13:01:23 | DEBUG    | [P1 E05 S930] asr=5.3101 | mi=0.0073 | decorr=0.2114 | jepa=0.0060 | kg=0.1126 | total=5.3270
2026-05-29 13:01:26 | INFO     | P1 Epoch 05/10 | asr=5.4462 | mi=0.0075 | decorr=0.2335 | jepa=0.0054 | kg=0.1350 | total=5.4652 | 135.1s (89 samp/s)
2026-05-29 13:01:30 | INFO     |   Val: 5.5375  ← best
2026-05-29 13:01:31 | INFO     |   Saved Phase1 best → checkpoints/phase1_best.pt
2026-05-29 13:01:35 | DEBUG    | [P1 E06 S940] asr=5.3899 | mi=0.0083 | decorr=0.2173 | jepa=0.0079 | kg=0.1319 | total=5.4082
2026-05-29 13:01:42 | DEBUG    | [P1 E06 S950] asr=5.2113 | mi=0.0070 | decorr=0.1975 | jepa=0.0085 | kg=0.1203 | total=5.2281
2026-05-29 13:01:49 | DEBUG    | [P1 E06 S960] asr=5.4544 | mi=0.0078 | decorr=0.2072 | jepa=0.0094 | kg=0.1166 | total=5.4716
2026-05-29 13:01:56 | DEBUG    | [P1 E06 S970] asr=5.3082 | mi=0.0079 | decorr=0.2010 | jepa=0.0057 | kg=0.1064 | total=5.3242
2026-05-29 13:02:03 | DEBUG    | [P1 E06 S980] asr=5.5400 | mi=0.0077 | decorr=0.1848 | jepa=0.0097 | kg=1.2479 | total=5.6127
2026-05-29 13:02:10 | DEBUG    | [P1 E06 S990] asr=5.5057 | mi=0.0082 | decorr=0.1996 | jepa=0.0067 | kg=1.2247 | total=5.5777
2026-05-29 13:02:18 | DEBUG    | [P1 E06 S1000] asr=5.4462 | mi=0.0069 | decorr=0.1988 | jepa=0.0064 | kg=0.1154 | total=5.4626
2026-05-29 13:02:25 | DEBUG    | [P1 E06 S1010] asr=5.6648 | mi=0.0079 | decorr=0.2052 | jepa=0.0067 | kg=0.1108 | total=5.6814
2026-05-29 13:02:32 | DEBUG    | [P1 E06 S1020] asr=5.4788 | mi=0.0070 | decorr=0.1961 | jepa=0.0060 | kg=0.1025 | total=5.4944
2026-05-29 13:02:39 | DEBUG    | [P1 E06 S1030] asr=5.5251 | mi=0.0067 | decorr=0.1844 | jepa=0.0055 | kg=0.1591 | total=5.5429
2026-05-29 13:02:46 | DEBUG    | [P1 E06 S1040] asr=5.4931 | mi=0.0088 | decorr=0.1978 | jepa=0.0086 | kg=0.1379 | total=5.5108
2026-05-29 13:02:54 | DEBUG    | [P1 E06 S1050] asr=5.3503 | mi=0.0080 | decorr=0.1819 | jepa=0.0107 | kg=0.1448 | total=5.3678
2026-05-29 13:03:01 | DEBUG    | [P1 E06 S1060] asr=5.1276 | mi=0.0072 | decorr=0.1753 | jepa=0.0099 | kg=0.1092 | total=5.1429
2026-05-29 13:03:08 | DEBUG    | [P1 E06 S1070] asr=5.6893 | mi=0.0063 | decorr=0.1758 | jepa=0.0059 | kg=0.1010 | total=5.7038
2026-05-29 13:03:15 | DEBUG    | [P1 E06 S1080] asr=5.1981 | mi=0.0078 | decorr=0.1817 | jepa=0.0088 | kg=0.1033 | total=5.2133
2026-05-29 13:03:22 | DEBUG    | [P1 E06 S1090] asr=5.2681 | mi=0.0070 | decorr=0.1785 | jepa=0.0096 | kg=1.2219 | total=5.3391
2026-05-29 13:03:30 | DEBUG    | [P1 E06 S1100] asr=5.2491 | mi=0.0071 | decorr=0.1854 | jepa=0.0097 | kg=0.1085 | total=5.2648
2026-05-29 13:03:37 | DEBUG    | [P1 E06 S1110] asr=5.5354 | mi=0.0082 | decorr=0.1874 | jepa=0.0074 | kg=0.1029 | total=5.5507
2026-05-29 13:03:44 | DEBUG    | [P1 E06 S1120] asr=5.7467 | mi=0.0071 | decorr=0.1741 | jepa=0.0115 | kg=0.1118 | total=5.7622
2026-05-29 13:03:45 | INFO     | P1 Epoch 06/10 | asr=5.4264 | mi=0.0074 | decorr=0.1923 | jepa=0.0077 | kg=0.1557 | total=5.4447 | 134.2s (89 samp/s)
2026-05-29 13:03:50 | INFO     |   Val: 5.5245  ← best
2026-05-29 13:03:50 | INFO     |   Saved Phase1 best → checkpoints/phase1_best.pt
2026-05-29 13:03:56 | DEBUG    | [P1 E07 S1130] asr=5.2984 | mi=0.0071 | decorr=0.1833 | jepa=0.0077 | kg=0.1034 | total=5.3136
2026-05-29 13:04:03 | DEBUG    | [P1 E07 S1140] asr=5.6780 | mi=0.0068 | decorr=0.1706 | jepa=0.0124 | kg=0.1535 | total=5.6955
2026-05-29 13:04:11 | DEBUG    | [P1 E07 S1150] asr=5.2985 | mi=0.0078 | decorr=0.1729 | jepa=0.0082 | kg=0.1073 | total=5.3134
2026-05-29 13:04:18 | DEBUG    | [P1 E07 S1160] asr=5.7836 | mi=0.0076 | decorr=0.1624 | jepa=0.0095 | kg=0.1048 | total=5.7980
2026-05-29 13:04:25 | DEBUG    | [P1 E07 S1170] asr=5.2832 | mi=0.0077 | decorr=0.1698 | jepa=0.0119 | kg=0.1001 | total=5.2980
2026-05-29 13:04:32 | DEBUG    | [P1 E07 S1180] asr=5.2944 | mi=0.0074 | decorr=0.1672 | jepa=0.0101 | kg=0.0954 | total=5.3086
2026-05-29 13:04:39 | DEBUG    | [P1 E07 S1190] asr=5.1670 | mi=0.0077 | decorr=0.1642 | jepa=0.0096 | kg=0.1015 | total=5.1813
2026-05-29 13:04:47 | DEBUG    | [P1 E07 S1200] asr=5.7150 | mi=0.0073 | decorr=0.1650 | jepa=0.0086 | kg=0.1035 | total=5.7293
2026-05-29 13:04:54 | DEBUG    | [P1 E07 S1210] asr=5.5334 | mi=0.0062 | decorr=0.1636 | jepa=0.0102 | kg=0.0873 | total=5.5470
2026-05-29 13:05:01 | DEBUG    | [P1 E07 S1220] asr=5.0519 | mi=0.0069 | decorr=0.1523 | jepa=0.0092 | kg=0.0945 | total=5.0652
2026-05-29 13:05:09 | DEBUG    | [P1 E07 S1230] asr=5.1816 | mi=0.0081 | decorr=0.1468 | jepa=0.0147 | kg=0.1011 | total=5.1956
2026-05-29 13:05:16 | DEBUG    | [P1 E07 S1240] asr=5.6879 | mi=0.0077 | decorr=0.1737 | jepa=0.0086 | kg=0.0947 | total=5.7023
2026-05-29 13:05:23 | DEBUG    | [P1 E07 S1250] asr=5.4490 | mi=0.0083 | decorr=0.1581 | jepa=0.0105 | kg=0.1036 | total=5.4632
2026-05-29 13:05:30 | DEBUG    | [P1 E07 S1260] asr=5.4167 | mi=0.0061 | decorr=0.1621 | jepa=0.0081 | kg=0.0936 | total=5.4304
2026-05-29 13:05:37 | DEBUG    | [P1 E07 S1270] asr=5.3187 | mi=0.0079 | decorr=0.1709 | jepa=0.0088 | kg=0.0890 | total=5.3327
2026-05-29 13:05:45 | DEBUG    | [P1 E07 S1280] asr=5.3936 | mi=0.0072 | decorr=0.1556 | jepa=0.0124 | kg=0.0844 | total=5.4069
2026-05-29 13:05:52 | DEBUG    | [P1 E07 S1290] asr=5.4452 | mi=0.0069 | decorr=0.1658 | jepa=0.0116 | kg=0.0921 | total=5.4593
2026-05-29 13:06:00 | DEBUG    | [P1 E07 S1300] asr=5.5211 | mi=0.0062 | decorr=0.1755 | jepa=0.0084 | kg=0.0804 | total=5.5347
2026-05-29 13:06:06 | INFO     | P1 Epoch 07/10 | asr=5.3934 | mi=0.0073 | decorr=0.1671 | jepa=0.0097 | kg=0.1092 | total=5.4082 | 135.9s (88 samp/s)
2026-05-29 13:06:11 | INFO     |   Val: 5.5105  ← best
2026-05-29 13:06:11 | INFO     |   Saved Phase1 best → checkpoints/phase1_best.pt
2026-05-29 13:06:12 | DEBUG    | [P1 E08 S1310] asr=5.2334 | mi=0.0061 | decorr=0.1584 | jepa=0.0113 | kg=0.0814 | total=5.2466
2026-05-29 13:10:29 | INFO     | CUDA optimisations: TF32 + cudnn.benchmark ON | AMP dtype: torch.bfloat16
2026-05-29 13:10:29 | INFO     | Device: cuda | Model: small | AMP: True | accum_steps: 1
2026-05-29 13:10:34 | INFO     | KG: 4577 nodes | embed_dim=128
2026-05-29 13:10:34 | INFO     | Compiling model with torch.compile (mode=default)…
2026-05-29 13:10:37 | INFO     | torch.compile done.
2026-05-29 13:10:37 | INFO     | Trainable parameters: 28,427,189
2026-05-29 13:10:37 | INFO     | === Phase 1: Base task (epochs 1–10) ===
2026-05-29 13:11:15 | DEBUG    | [P1 E01 S10] asr=10.2375 | mi=0.1225 | decorr=0.7168 | jepa=0.1370 | kg=1.1615 | total=10.3463
2026-05-29 13:11:16 | DEBUG    | [P1 E01 S20] asr=8.9084 | mi=0.0826 | decorr=0.7160 | jepa=0.0575 | kg=1.2541 | total=9.0135
2026-05-29 13:11:17 | DEBUG    | [P1 E01 S30] asr=8.2441 | mi=0.0494 | decorr=0.6678 | jepa=0.0347 | kg=1.2917 | total=8.3461
2026-05-29 13:11:17 | DEBUG    | [P1 E01 S40] asr=7.4549 | mi=0.0376 | decorr=0.5862 | jepa=0.0355 | kg=1.1157 | total=7.5439
2026-05-29 13:11:18 | DEBUG    | [P1 E01 S50] asr=6.3068 | mi=0.0314 | decorr=0.5636 | jepa=0.0367 | kg=1.1351 | total=6.3958
2026-05-29 13:11:19 | DEBUG    | [P1 E01 S60] asr=6.0928 | mi=0.0198 | decorr=0.5271 | jepa=0.0419 | kg=0.5358 | total=6.1504
2026-05-29 13:11:20 | DEBUG    | [P1 E01 S70] asr=6.0280 | mi=0.0178 | decorr=0.5166 | jepa=0.0241 | kg=0.3492 | total=6.0739
2026-05-29 13:11:21 | DEBUG    | [P1 E01 S80] asr=5.7669 | mi=0.0166 | decorr=0.5112 | jepa=0.0182 | kg=0.2530 | total=5.8071
2026-05-29 13:11:22 | DEBUG    | [P1 E01 S90] asr=5.7114 | mi=0.0163 | decorr=0.5031 | jepa=0.0154 | kg=0.2134 | total=5.7489
2026-05-29 13:11:23 | DEBUG    | [P1 E01 S100] asr=5.7088 | mi=0.0180 | decorr=0.5050 | jepa=0.0146 | kg=0.1969 | total=5.7455
2026-05-29 13:11:24 | DEBUG    | [P1 E01 S110] asr=5.1586 | mi=0.0158 | decorr=0.4902 | jepa=0.0112 | kg=0.1642 | total=5.1926
2026-05-29 13:11:25 | DEBUG    | [P1 E01 S120] asr=5.7008 | mi=0.0136 | decorr=0.4629 | jepa=0.0138 | kg=0.2179 | total=5.7364
2026-05-29 13:11:26 | DEBUG    | [P1 E01 S130] asr=5.8441 | mi=0.0113 | decorr=0.4553 | jepa=0.0126 | kg=0.2101 | total=5.8787
2026-05-29 13:11:27 | DEBUG    | [P1 E01 S140] asr=5.7272 | mi=0.0139 | decorr=0.4573 | jepa=0.0103 | kg=0.2258 | total=5.7625
2026-05-29 13:11:28 | DEBUG    | [P1 E01 S150] asr=5.2451 | mi=0.0118 | decorr=0.4440 | jepa=0.0089 | kg=0.1620 | total=5.2764
2026-05-29 13:11:29 | DEBUG    | [P1 E01 S160] asr=5.6750 | mi=0.0141 | decorr=0.4500 | jepa=0.0079 | kg=0.1669 | total=5.7068
2026-05-29 13:11:29 | DEBUG    | [P1 E01 S170] asr=5.5471 | mi=0.0121 | decorr=0.4228 | jepa=0.0081 | kg=0.1514 | total=5.5768
2026-05-29 13:11:30 | DEBUG    | [P1 E01 S180] asr=5.3940 | mi=0.0127 | decorr=0.4117 | jepa=0.0074 | kg=0.1602 | total=5.4234
2026-05-29 13:11:31 | INFO     | P1 Epoch 01/10 | asr=6.5297 | mi=0.0305 | decorr=0.5131 | jepa=0.0450 | kg=0.5143 | total=6.5859 | 54.2s (221 samp/s)
2026-05-29 13:11:52 | INFO     |   Val: 5.6233  ← best
2026-05-29 13:11:52 | INFO     |   Saved Phase1 best → checkpoints/phase1_best.pt
2026-05-29 13:11:53 | DEBUG    | [P1 E02 S190] asr=5.7128 | mi=0.0110 | decorr=0.4065 | jepa=0.0076 | kg=0.2037 | total=5.7442
2026-05-29 13:11:54 | DEBUG    | [P1 E02 S200] asr=5.9961 | mi=0.0121 | decorr=0.4145 | jepa=0.0073 | kg=0.2292 | total=6.0292
2026-05-29 13:11:55 | DEBUG    | [P1 E02 S210] asr=5.7967 | mi=0.0113 | decorr=0.3987 | jepa=0.0057 | kg=0.2055 | total=5.8276
2026-05-29 13:11:56 | DEBUG    | [P1 E02 S220] asr=5.6431 | mi=0.0101 | decorr=0.3785 | jepa=0.0068 | kg=0.1810 | total=5.6719
2026-05-29 13:11:56 | DEBUG    | [P1 E02 S230] asr=5.7694 | mi=0.0118 | decorr=0.3841 | jepa=0.0064 | kg=0.1509 | total=5.7969
2026-05-29 13:11:57 | DEBUG    | [P1 E02 S240] asr=5.4608 | mi=0.0104 | decorr=0.3732 | jepa=0.0057 | kg=0.1587 | total=5.4881
2026-05-29 13:11:58 | DEBUG    | [P1 E02 S250] asr=5.7713 | mi=0.0098 | decorr=0.3517 | jepa=0.0065 | kg=0.1421 | total=5.7968
2026-05-29 13:11:59 | DEBUG    | [P1 E02 S260] asr=5.6736 | mi=0.0099 | decorr=0.3537 | jepa=0.0066 | kg=0.1353 | total=5.6988
2026-05-29 13:12:00 | DEBUG    | [P1 E02 S270] asr=5.7291 | mi=0.0100 | decorr=0.3540 | jepa=0.0068 | kg=0.1591 | total=5.7555
2026-05-29 13:12:01 | DEBUG    | [P1 E02 S280] asr=5.9783 | mi=0.0108 | decorr=0.3454 | jepa=0.0080 | kg=0.1684 | total=6.0049
2026-05-29 13:12:02 | DEBUG    | [P1 E02 S290] asr=5.4565 | mi=0.0109 | decorr=0.3437 | jepa=0.0067 | kg=0.1763 | total=5.4832
2026-05-29 13:12:03 | DEBUG    | [P1 E02 S300] asr=5.7465 | mi=0.0101 | decorr=0.3535 | jepa=0.0049 | kg=0.1854 | total=5.7740
2026-05-29 13:12:04 | DEBUG    | [P1 E02 S310] asr=5.2073 | mi=0.0113 | decorr=0.3559 | jepa=0.0080 | kg=1.2275 | total=5.2874
2026-05-29 13:12:05 | DEBUG    | [P1 E02 S320] asr=5.5339 | mi=0.0098 | decorr=0.3373 | jepa=0.0058 | kg=0.2025 | total=5.5616
2026-05-29 13:12:06 | DEBUG    | [P1 E02 S330] asr=5.6015 | mi=0.0114 | decorr=0.3468 | jepa=0.0050 | kg=0.1688 | total=5.6279
2026-05-29 13:12:07 | DEBUG    | [P1 E02 S340] asr=6.0948 | mi=0.0102 | decorr=0.3459 | jepa=0.0052 | kg=0.1667 | total=6.1210
2026-05-29 13:12:08 | DEBUG    | [P1 E02 S350] asr=4.8643 | mi=0.0114 | decorr=0.3335 | jepa=0.0051 | kg=0.1959 | total=4.8914
2026-05-29 13:12:09 | DEBUG    | [P1 E02 S360] asr=5.3976 | mi=0.0098 | decorr=0.3182 | jepa=0.0050 | kg=0.2236 | total=5.4252
2026-05-29 13:12:09 | DEBUG    | [P1 E02 S370] asr=5.3501 | mi=0.0098 | decorr=0.3233 | jepa=0.0048 | kg=0.1800 | total=5.3759
2026-05-29 13:12:10 | INFO     | P1 Epoch 02/10 | asr=5.5205 | mi=0.0107 | decorr=0.3596 | jepa=0.0062 | kg=0.2028 | total=5.5494 | 17.4s (689 samp/s)
2026-05-29 13:12:10 | INFO     |   Val: 5.5431  ← best
2026-05-29 13:12:11 | INFO     |   Saved Phase1 best → checkpoints/phase1_best.pt
2026-05-29 13:12:12 | DEBUG    | [P1 E03 S380] asr=5.6814 | mi=0.0092 | decorr=0.3089 | jepa=0.0059 | kg=0.1536 | total=5.7052
2026-05-29 13:12:13 | DEBUG    | [P1 E03 S390] asr=5.3430 | mi=0.0074 | decorr=0.2954 | jepa=0.0046 | kg=0.1751 | total=5.3670
2026-05-29 13:12:14 | DEBUG    | [P1 E03 S400] asr=5.9185 | mi=0.0088 | decorr=0.3088 | jepa=0.0040 | kg=0.1615 | total=5.9425
2026-05-29 13:12:15 | DEBUG    | [P1 E03 S410] asr=5.0575 | mi=0.0097 | decorr=0.2923 | jepa=0.0065 | kg=0.1754 | total=5.0816
2026-05-29 13:12:16 | DEBUG    | [P1 E03 S420] asr=5.4690 | mi=0.0106 | decorr=0.3226 | jepa=0.0048 | kg=0.1849 | total=5.4950
2026-05-29 13:12:16 | DEBUG    | [P1 E03 S430] asr=5.3689 | mi=0.0091 | decorr=0.2990 | jepa=0.0053 | kg=0.1816 | total=5.3935
2026-05-29 13:12:17 | DEBUG    | [P1 E03 S440] asr=5.4618 | mi=0.0096 | decorr=0.2995 | jepa=0.0038 | kg=0.1339 | total=5.4839
2026-05-29 13:12:18 | DEBUG    | [P1 E03 S450] asr=5.7035 | mi=0.0087 | decorr=0.3046 | jepa=0.0041 | kg=0.1306 | total=5.7257
2026-05-29 13:12:19 | DEBUG    | [P1 E03 S460] asr=5.5232 | mi=0.0102 | decorr=0.3095 | jepa=0.0050 | kg=0.1560 | total=5.5470
2026-05-29 13:12:20 | DEBUG    | [P1 E03 S470] asr=5.1826 | mi=0.0092 | decorr=0.2743 | jepa=0.0053 | kg=0.1515 | total=5.2045
2026-05-29 13:12:21 | DEBUG    | [P1 E03 S480] asr=5.4366 | mi=0.0078 | decorr=0.2818 | jepa=0.0036 | kg=0.1511 | total=5.4587
2026-05-29 13:12:22 | DEBUG    | [P1 E03 S490] asr=5.5995 | mi=0.0074 | decorr=0.2868 | jepa=0.0029 | kg=0.1408 | total=5.6212
2026-05-29 13:12:23 | DEBUG    | [P1 E03 S500] asr=5.8352 | mi=0.0096 | decorr=0.3001 | jepa=0.0037 | kg=0.1302 | total=5.8572
2026-05-29 13:12:24 | DEBUG    | [P1 E03 S510] asr=5.0252 | mi=0.0101 | decorr=0.2809 | jepa=0.0054 | kg=0.1531 | total=5.0475
2026-05-29 13:12:25 | DEBUG    | [P1 E03 S520] asr=5.3742 | mi=0.0108 | decorr=0.2959 | jepa=0.0060 | kg=0.1707 | total=5.3982
2026-05-29 13:12:26 | DEBUG    | [P1 E03 S530] asr=5.6111 | mi=0.0085 | decorr=0.2972 | jepa=0.0049 | kg=0.1629 | total=5.6347
2026-05-29 13:12:27 | DEBUG    | [P1 E03 S540] asr=6.0526 | mi=0.0083 | decorr=0.2892 | jepa=0.0039 | kg=0.1572 | total=6.0754
2026-05-29 13:12:28 | DEBUG    | [P1 E03 S550] asr=5.5472 | mi=0.0088 | decorr=0.2937 | jepa=0.0039 | kg=0.1375 | total=5.5693
2026-05-29 13:12:29 | DEBUG    | [P1 E03 S560] asr=4.8160 | mi=0.0074 | decorr=0.2519 | jepa=0.0046 | kg=0.1430 | total=4.8363
2026-05-29 13:12:29 | INFO     | P1 Epoch 03/10 | asr=5.4815 | mi=0.0089 | decorr=0.2958 | jepa=0.0043 | kg=0.1608 | total=5.5049 | 17.3s (690 samp/s)
2026-05-29 13:12:29 | INFO     |   Val: 5.5546
2026-05-29 13:12:30 | DEBUG    | [P1 E04 S570] asr=5.1830 | mi=0.0065 | decorr=0.2473 | jepa=0.0035 | kg=0.1256 | total=5.2020
2026-05-29 13:12:31 | DEBUG    | [P1 E04 S580] asr=5.5843 | mi=0.0073 | decorr=0.2549 | jepa=0.0053 | kg=0.1609 | total=5.6057
2026-05-29 13:12:32 | DEBUG    | [P1 E04 S590] asr=5.4128 | mi=0.0077 | decorr=0.2639 | jepa=0.0034 | kg=0.1306 | total=5.4329
2026-05-29 13:12:33 | DEBUG    | [P1 E04 S600] asr=5.3397 | mi=0.0095 | decorr=0.2803 | jepa=0.0041 | kg=0.1246 | total=5.3604
2026-05-29 13:12:34 | DEBUG    | [P1 E04 S610] asr=5.3534 | mi=0.0081 | decorr=0.2658 | jepa=0.0046 | kg=0.1155 | total=5.3730
2026-05-29 13:12:35 | DEBUG    | [P1 E04 S620] asr=5.6062 | mi=0.0084 | decorr=0.2877 | jepa=0.0038 | kg=0.1519 | total=5.6286
2026-05-29 13:12:36 | DEBUG    | [P1 E04 S630] asr=5.2699 | mi=0.0086 | decorr=0.2584 | jepa=0.0059 | kg=0.1714 | total=5.2921
2026-05-29 13:12:37 | DEBUG    | [P1 E04 S640] asr=5.5611 | mi=0.0066 | decorr=0.2570 | jepa=0.0043 | kg=0.1452 | total=5.5817
2026-05-29 13:12:38 | DEBUG    | [P1 E04 S650] asr=5.4705 | mi=0.0070 | decorr=0.2625 | jepa=0.0036 | kg=0.1591 | total=5.4920
2026-05-29 13:12:38 | DEBUG    | [P1 E04 S660] asr=5.9321 | mi=0.0083 | decorr=0.2576 | jepa=0.0060 | kg=0.1489 | total=5.9531
2026-05-29 13:12:39 | DEBUG    | [P1 E04 S670] asr=5.6052 | mi=0.0078 | decorr=0.2515 | jepa=0.0049 | kg=0.1560 | total=5.6261
2026-05-29 13:12:40 | DEBUG    | [P1 E04 S680] asr=5.1291 | mi=0.0067 | decorr=0.2537 | jepa=0.0034 | kg=0.1299 | total=5.1487
2026-05-29 13:12:41 | DEBUG    | [P1 E04 S690] asr=5.2252 | mi=0.0072 | decorr=0.2574 | jepa=0.0028 | kg=0.1085 | total=5.2439
2026-05-29 13:12:42 | DEBUG    | [P1 E04 S700] asr=4.9872 | mi=0.0065 | decorr=0.2365 | jepa=0.0033 | kg=0.1223 | total=5.0056
2026-05-29 13:12:43 | DEBUG    | [P1 E04 S710] asr=5.1732 | mi=0.0072 | decorr=0.2463 | jepa=0.0036 | kg=0.1175 | total=5.1918
2026-05-29 13:12:44 | DEBUG    | [P1 E04 S720] asr=5.2265 | mi=0.0077 | decorr=0.2496 | jepa=0.0033 | kg=0.1196 | total=5.2453
2026-05-29 13:12:45 | DEBUG    | [P1 E04 S730] asr=5.4246 | mi=0.0076 | decorr=0.2587 | jepa=0.0038 | kg=0.1185 | total=5.4439
2026-05-29 13:12:46 | DEBUG    | [P1 E04 S740] asr=6.0312 | mi=0.0062 | decorr=0.2458 | jepa=0.0035 | kg=0.1055 | total=6.0492
2026-05-29 13:12:47 | INFO     | P1 Epoch 04/10 | asr=5.4627 | mi=0.0078 | decorr=0.2620 | jepa=0.0039 | kg=0.1504 | total=5.4838 | 17.3s (690 samp/s)
2026-05-29 13:12:47 | INFO     |   Val: 5.5604
2026-05-29 13:12:47 | DEBUG    | [P1 E05 S750] asr=5.3420 | mi=0.0074 | decorr=0.2358 | jepa=0.0035 | kg=0.1165 | total=5.3600
2026-05-29 13:12:48 | DEBUG    | [P1 E05 S760] asr=5.0382 | mi=0.0080 | decorr=0.2591 | jepa=0.0031 | kg=0.1151 | total=5.0573
2026-05-29 13:12:49 | DEBUG    | [P1 E05 S770] asr=5.3079 | mi=0.0068 | decorr=0.2425 | jepa=0.0030 | kg=0.1099 | total=5.3259
2026-05-29 13:12:50 | DEBUG    | [P1 E05 S780] asr=5.3677 | mi=0.0085 | decorr=0.2446 | jepa=0.0043 | kg=0.1074 | total=5.3858
2026-05-29 13:12:51 | DEBUG    | [P1 E05 S790] asr=6.0458 | mi=0.0073 | decorr=0.2435 | jepa=0.0040 | kg=0.1214 | total=6.0646
2026-05-29 13:12:52 | DEBUG    | [P1 E05 S800] asr=5.4498 | mi=0.0077 | decorr=0.2276 | jepa=0.0048 | kg=0.1355 | total=5.4686
2026-05-29 13:12:53 | DEBUG    | [P1 E05 S810] asr=4.8841 | mi=0.0062 | decorr=0.2164 | jepa=0.0035 | kg=0.1183 | total=4.9012
2026-05-29 13:12:54 | DEBUG    | [P1 E05 S820] asr=5.2524 | mi=0.0063 | decorr=0.2222 | jepa=0.0043 | kg=0.1221 | total=5.2701
2026-05-29 13:12:55 | DEBUG    | [P1 E05 S830] asr=5.4864 | mi=0.0066 | decorr=0.2316 | jepa=0.0037 | kg=0.1138 | total=5.5042
2026-05-29 13:12:56 | DEBUG    | [P1 E05 S840] asr=5.8794 | mi=0.0076 | decorr=0.2366 | jepa=0.0041 | kg=0.1099 | total=5.8972
2026-05-29 13:12:57 | DEBUG    | [P1 E05 S850] asr=5.2475 | mi=0.0072 | decorr=0.2146 | jepa=0.0041 | kg=0.1484 | total=5.2662
2026-05-29 13:12:58 | DEBUG    | [P1 E05 S860] asr=5.6338 | mi=0.0072 | decorr=0.2257 | jepa=0.0051 | kg=0.1213 | total=5.6517
2026-05-29 13:12:59 | DEBUG    | [P1 E05 S870] asr=5.3867 | mi=0.0064 | decorr=0.2197 | jepa=0.0034 | kg=0.1115 | total=5.4036
2026-05-29 13:13:00 | DEBUG    | [P1 E05 S880] asr=5.6411 | mi=0.0077 | decorr=0.2257 | jepa=0.0047 | kg=0.1197 | total=5.6589
2026-05-29 13:13:00 | DEBUG    | [P1 E05 S890] asr=5.2885 | mi=0.0067 | decorr=0.2170 | jepa=0.0042 | kg=0.1093 | total=5.3053
2026-05-29 13:13:01 | DEBUG    | [P1 E05 S900] asr=5.6623 | mi=0.0071 | decorr=0.2202 | jepa=0.0052 | kg=0.1120 | total=5.6795
2026-05-29 13:13:02 | DEBUG    | [P1 E05 S910] asr=5.4005 | mi=0.0054 | decorr=0.2039 | jepa=0.0038 | kg=0.1196 | total=5.4171
2026-05-29 13:13:03 | DEBUG    | [P1 E05 S920] asr=5.5615 | mi=0.0059 | decorr=0.1898 | jepa=0.0055 | kg=0.1158 | total=5.5774
2026-05-29 13:13:04 | DEBUG    | [P1 E05 S930] asr=5.3163 | mi=0.0072 | decorr=0.2157 | jepa=0.0045 | kg=0.1074 | total=5.3330
2026-05-29 13:13:05 | INFO     | P1 Epoch 05/10 | asr=5.4461 | mi=0.0073 | decorr=0.2293 | jepa=0.0043 | kg=0.1227 | total=5.4642 | 17.4s (689 samp/s)
2026-05-29 13:13:05 | INFO     |   Val: 5.5541
2026-05-29 13:13:06 | DEBUG    | [P1 E06 S940] asr=5.3919 | mi=0.0081 | decorr=0.2221 | jepa=0.0062 | kg=0.1117 | total=5.4093
2026-05-29 13:13:07 | DEBUG    | [P1 E06 S950] asr=5.2167 | mi=0.0071 | decorr=0.2041 | jepa=0.0051 | kg=0.1098 | total=5.2330
2026-05-29 13:13:08 | DEBUG    | [P1 E06 S960] asr=5.4605 | mi=0.0080 | decorr=0.2107 | jepa=0.0063 | kg=0.1154 | total=5.4775
2026-05-29 13:13:08 | DEBUG    | [P1 E06 S970] asr=5.3119 | mi=0.0077 | decorr=0.2101 | jepa=0.0039 | kg=0.1380 | total=5.3298
2026-05-29 13:13:09 | DEBUG    | [P1 E06 S980] asr=5.5299 | mi=0.0073 | decorr=0.1962 | jepa=0.0076 | kg=0.1274 | total=5.5470
2026-05-29 13:13:10 | DEBUG    | [P1 E06 S990] asr=5.5075 | mi=0.0078 | decorr=0.2136 | jepa=0.0047 | kg=0.1064 | total=5.5240
2026-05-29 13:13:11 | DEBUG    | [P1 E06 S1000] asr=5.4351 | mi=0.0067 | decorr=0.2043 | jepa=0.0054 | kg=0.1011 | total=5.4510
2026-05-29 13:13:12 | DEBUG    | [P1 E06 S1010] asr=5.6475 | mi=0.0074 | decorr=0.2165 | jepa=0.0059 | kg=0.1407 | total=5.6661
2026-05-29 13:13:13 | DEBUG    | [P1 E06 S1020] asr=5.4743 | mi=0.0067 | decorr=0.2077 | jepa=0.0047 | kg=0.1161 | total=5.4910
2026-05-29 13:13:14 | DEBUG    | [P1 E06 S1030] asr=5.5223 | mi=0.0064 | decorr=0.1921 | jepa=0.0055 | kg=0.1021 | total=5.5376
2026-05-29 13:13:15 | DEBUG    | [P1 E06 S1040] asr=5.4550 | mi=0.0083 | decorr=0.2130 | jepa=0.0068 | kg=0.1051 | total=5.4716
2026-05-29 13:13:16 | DEBUG    | [P1 E06 S1050] asr=5.2662 | mi=0.0073 | decorr=0.1870 | jepa=0.0072 | kg=0.1135 | total=5.2820
2026-05-29 13:13:17 | DEBUG    | [P1 E06 S1060] asr=5.1253 | mi=0.0069 | decorr=0.1763 | jepa=0.0105 | kg=0.1475 | total=5.1427
2026-05-29 13:13:18 | DEBUG    | [P1 E06 S1070] asr=5.7062 | mi=0.0061 | decorr=0.1899 | jepa=0.0044 | kg=0.1044 | total=5.7214
2026-05-29 13:13:19 | DEBUG    | [P1 E06 S1080] asr=5.1691 | mi=0.0069 | decorr=0.1880 | jepa=0.0089 | kg=1.2498 | total=5.2420
2026-05-29 13:13:20 | DEBUG    | [P1 E06 S1090] asr=5.2606 | mi=0.0066 | decorr=0.1984 | jepa=0.0063 | kg=0.1123 | total=5.2769
2026-05-29 13:13:21 | DEBUG    | [P1 E06 S1100] asr=5.2681 | mi=0.0070 | decorr=0.2023 | jepa=0.0077 | kg=0.1083 | total=5.2844
2026-05-29 13:13:21 | DEBUG    | [P1 E06 S1110] asr=5.5194 | mi=0.0079 | decorr=0.2154 | jepa=0.0053 | kg=0.0957 | total=5.5356
2026-05-29 13:13:22 | DEBUG    | [P1 E06 S1120] asr=5.7531 | mi=0.0068 | decorr=0.1945 | jepa=0.0091 | kg=0.1011 | total=5.7689
2026-05-29 13:13:23 | INFO     | P1 Epoch 06/10 | asr=5.4247 | mi=0.0072 | decorr=0.2028 | jepa=0.0061 | kg=0.1382 | total=5.4424 | 17.4s (689 samp/s)
2026-05-29 13:13:23 | INFO     |   Val: 5.5261  ← best
2026-05-29 13:13:24 | INFO     |   Saved Phase1 best → checkpoints/phase1_best.pt
2026-05-29 13:13:25 | DEBUG    | [P1 E07 S1130] asr=5.3117 | mi=0.0069 | decorr=0.1982 | jepa=0.0078 | kg=0.0841 | total=5.3267
2026-05-29 13:13:26 | DEBUG    | [P1 E07 S1140] asr=5.6515 | mi=0.0060 | decorr=0.1874 | jepa=0.0094 | kg=0.0957 | total=5.6667
2026-05-29 13:13:27 | DEBUG    | [P1 E07 S1150] asr=5.2908 | mi=0.0069 | decorr=0.1908 | jepa=0.0087 | kg=0.0923 | total=5.3059
2026-05-29 13:13:28 | DEBUG    | [P1 E07 S1160] asr=5.7712 | mi=0.0070 | decorr=0.1875 | jepa=0.0118 | kg=0.0947 | total=5.7866
2026-05-29 13:13:29 | DEBUG    | [P1 E07 S1170] asr=5.2766 | mi=0.0073 | decorr=0.1849 | jepa=0.0105 | kg=0.1154 | total=5.2927
2026-05-29 13:13:29 | DEBUG    | [P1 E07 S1180] asr=5.2680 | mi=0.0070 | decorr=0.1845 | jepa=0.0084 | kg=0.1263 | total=5.2845
2026-05-29 13:13:30 | DEBUG    | [P1 E07 S1190] asr=5.1796 | mi=0.0073 | decorr=0.1893 | jepa=0.0088 | kg=0.1047 | total=5.1953
2026-05-29 13:13:31 | DEBUG    | [P1 E07 S1200] asr=5.7224 | mi=0.0068 | decorr=0.1813 | jepa=0.0084 | kg=0.0945 | total=5.7370
2026-05-29 13:13:32 | DEBUG    | [P1 E07 S1210] asr=5.4624 | mi=0.0060 | decorr=0.1725 | jepa=0.0115 | kg=0.0891 | total=5.4767
2026-05-29 13:13:33 | DEBUG    | [P1 E07 S1220] asr=5.0424 | mi=0.0064 | decorr=0.1671 | jepa=0.0094 | kg=0.0857 | total=5.0561
2026-05-29 13:13:34 | DEBUG    | [P1 E07 S1230] asr=5.1658 | mi=0.0071 | decorr=0.1809 | jepa=0.0141 | kg=0.1362 | total=5.1831
2026-05-29 13:13:35 | DEBUG    | [P1 E07 S1240] asr=5.6817 | mi=0.0071 | decorr=0.1812 | jepa=0.0151 | kg=0.1077 | total=5.6977
2026-05-29 13:13:36 | DEBUG    | [P1 E07 S1250] asr=5.4566 | mi=0.0079 | decorr=0.1808 | jepa=0.0127 | kg=0.1170 | total=5.4729
2026-05-29 13:13:37 | DEBUG    | [P1 E07 S1260] asr=5.3795 | mi=0.0059 | decorr=0.1801 | jepa=0.0088 | kg=0.0887 | total=5.3939
2026-05-29 13:13:38 | DEBUG    | [P1 E07 S1270] asr=5.3226 | mi=0.0075 | decorr=0.1811 | jepa=0.0106 | kg=0.0857 | total=5.3371
2026-05-29 13:13:39 | DEBUG    | [P1 E07 S1280] asr=5.4304 | mi=0.0068 | decorr=0.1726 | jepa=0.0120 | kg=0.0864 | total=5.4446
2026-05-29 13:13:40 | DEBUG    | [P1 E07 S1290] asr=5.4491 | mi=0.0069 | decorr=0.1705 | jepa=0.0151 | kg=0.1046 | total=5.4644
2026-05-29 13:13:41 | DEBUG    | [P1 E07 S1300] asr=5.5172 | mi=0.0060 | decorr=0.1799 | jepa=0.0103 | kg=0.0876 | total=5.5316
2026-05-29 13:13:41 | INFO     | P1 Epoch 07/10 | asr=5.3848 | mi=0.0069 | decorr=0.1841 | jepa=0.0106 | kg=0.1322 | total=5.4017 | 17.4s (689 samp/s)
2026-05-29 13:13:42 | INFO     |   Val: 5.4771  ← best
2026-05-29 13:13:43 | INFO     |   Saved Phase1 best → checkpoints/phase1_best.pt
2026-05-29 13:13:43 | DEBUG    | [P1 E08 S1310] asr=5.2037 | mi=0.0061 | decorr=0.1795 | jepa=0.0118 | kg=0.0813 | total=5.2180
2026-05-29 13:13:44 | DEBUG    | [P1 E08 S1320] asr=5.1094 | mi=0.0062 | decorr=0.1832 | jepa=0.0122 | kg=0.0767 | total=5.1237
2026-05-29 13:13:45 | DEBUG    | [P1 E08 S1330] asr=5.2098 | mi=0.0069 | decorr=0.1803 | jepa=0.0136 | kg=0.0836 | total=5.2244
2026-05-29 13:13:46 | DEBUG    | [P1 E08 S1340] asr=5.1618 | mi=0.0066 | decorr=0.1810 | jepa=0.0205 | kg=0.0787 | total=5.1769
2026-05-29 13:13:47 | DEBUG    | [P1 E08 S1350] asr=5.1432 | mi=0.0066 | decorr=0.1740 | jepa=0.0092 | kg=0.0802 | total=5.1569
2026-05-29 13:13:48 | DEBUG    | [P1 E08 S1360] asr=5.5131 | mi=0.0059 | decorr=0.1723 | jepa=0.0111 | kg=0.0847 | total=5.5271
2026-05-29 13:13:49 | DEBUG    | [P1 E08 S1370] asr=5.1172 | mi=0.0073 | decorr=0.1749 | jepa=0.0126 | kg=0.0825 | total=5.1314
2026-05-29 13:13:50 | DEBUG    | [P1 E08 S1380] asr=5.3776 | mi=0.0066 | decorr=0.1700 | jepa=0.0151 | kg=0.0833 | total=5.3918
2026-05-29 13:13:51 | DEBUG    | [P1 E08 S1390] asr=5.3496 | mi=0.0070 | decorr=0.1637 | jepa=0.0187 | kg=0.0808 | total=5.3638
2026-05-29 13:13:51 | DEBUG    | [P1 E08 S1400] asr=5.3640 | mi=0.0068 | decorr=0.1890 | jepa=0.0136 | kg=0.0727 | total=5.3785
2026-05-29 13:13:52 | DEBUG    | [P1 E08 S1410] asr=5.1899 | mi=0.0065 | decorr=0.1758 | jepa=0.0126 | kg=0.0829 | total=5.2042
2026-05-29 13:13:53 | DEBUG    | [P1 E08 S1420] asr=5.3731 | mi=0.0060 | decorr=0.1596 | jepa=0.0118 | kg=0.0737 | total=5.3860
2026-05-29 13:13:54 | DEBUG    | [P1 E08 S1430] asr=5.2697 | mi=0.0076 | decorr=0.1805 | jepa=0.0187 | kg=0.0730 | total=5.2843
2026-05-29 13:13:55 | DEBUG    | [P1 E08 S1440] asr=5.2745 | mi=0.0055 | decorr=0.1676 | jepa=0.0132 | kg=0.0892 | total=5.2887
2026-05-29 13:13:56 | DEBUG    | [P1 E08 S1450] asr=4.8675 | mi=0.0073 | decorr=0.1733 | jepa=0.0119 | kg=0.1266 | total=4.8838
2026-05-29 13:13:57 | DEBUG    | [P1 E08 S1460] asr=5.3527 | mi=0.0063 | decorr=0.1676 | jepa=0.0131 | kg=0.0973 | total=5.3673
2026-05-29 13:13:58 | DEBUG    | [P1 E08 S1470] asr=5.4538 | mi=0.0056 | decorr=0.1576 | jepa=0.0140 | kg=0.0758 | total=5.4670
2026-05-29 13:13:59 | DEBUG    | [P1 E08 S1480] asr=5.1510 | mi=0.0058 | decorr=0.1579 | jepa=0.0102 | kg=0.0770 | total=5.1638
2026-05-29 13:14:00 | DEBUG    | [P1 E08 S1490] asr=5.5101 | mi=0.0070 | decorr=0.1775 | jepa=0.0114 | kg=0.0755 | total=5.5240
2026-05-29 13:14:00 | INFO     | P1 Epoch 08/10 | asr=5.3361 | mi=0.0066 | decorr=0.1705 | jepa=0.0145 | kg=0.1006 | total=5.3511 | 17.4s (687 samp/s)
2026-05-29 13:14:01 | INFO     |   Val: 5.5060
2026-05-29 13:14:01 | DEBUG    | [P1 E09 S1500] asr=5.6083 | mi=0.0061 | decorr=0.1624 | jepa=0.0161 | kg=0.0777 | total=5.6219
2026-05-29 13:14:02 | DEBUG    | [P1 E09 S1510] asr=5.1991 | mi=0.0056 | decorr=0.1514 | jepa=0.0146 | kg=0.0713 | total=5.2117
2026-05-29 13:14:03 | DEBUG    | [P1 E09 S1520] asr=4.8349 | mi=0.0075 | decorr=0.1695 | jepa=0.0177 | kg=0.0677 | total=4.8486
2026-05-29 13:14:04 | DEBUG    | [P1 E09 S1530] asr=5.7102 | mi=0.0060 | decorr=0.1690 | jepa=0.0159 | kg=0.0824 | total=5.7245
2026-05-29 13:14:05 | DEBUG    | [P1 E09 S1540] asr=5.1827 | mi=0.0065 | decorr=0.1436 | jepa=0.0177 | kg=0.0820 | total=5.1958
2026-05-29 13:14:06 | DEBUG    | [P1 E09 S1550] asr=5.2274 | mi=0.0058 | decorr=0.1488 | jepa=0.0185 | kg=0.0728 | total=5.2404
2026-05-29 13:14:07 | DEBUG    | [P1 E09 S1560] asr=5.5266 | mi=0.0063 | decorr=0.1560 | jepa=0.0202 | kg=0.0692 | total=5.5399
2026-05-29 13:14:08 | DEBUG    | [P1 E09 S1570] asr=5.3172 | mi=0.0069 | decorr=0.1453 | jepa=0.0176 | kg=0.0739 | total=5.3300
2026-05-29 13:14:09 | DEBUG    | [P1 E09 S1580] asr=5.3661 | mi=0.0071 | decorr=0.1417 | jepa=0.0189 | kg=0.0778 | total=5.3791
2026-05-29 13:14:10 | DEBUG    | [P1 E09 S1590] asr=5.6201 | mi=0.0061 | decorr=0.1408 | jepa=0.0181 | kg=0.0725 | total=5.6326
2026-05-29 13:14:11 | DEBUG    | [P1 E09 S1600] asr=5.3471 | mi=0.0054 | decorr=0.1328 | jepa=0.0186 | kg=0.0697 | total=5.3592
2026-05-29 13:14:12 | DEBUG    | [P1 E09 S1610] asr=5.3785 | mi=0.0063 | decorr=0.1478 | jepa=0.0163 | kg=0.0682 | total=5.3910
2026-05-29 13:14:13 | DEBUG    | [P1 E09 S1620] asr=5.4705 | mi=0.0052 | decorr=0.1304 | jepa=0.0213 | kg=0.0686 | total=5.4827
2026-05-29 13:14:14 | DEBUG    | [P1 E09 S1630] asr=4.9354 | mi=0.0073 | decorr=0.1359 | jepa=0.0310 | kg=1.2375 | total=5.0072
2026-05-29 13:14:14 | DEBUG    | [P1 E09 S1640] asr=5.3710 | mi=0.0065 | decorr=0.1400 | jepa=0.0253 | kg=0.1051 | total=5.3859
2026-05-29 13:14:15 | DEBUG    | [P1 E09 S1650] asr=5.1870 | mi=0.0080 | decorr=0.1498 | jepa=0.0218 | kg=0.0761 | total=5.2006
2026-05-29 13:14:16 | DEBUG    | [P1 E09 S1660] asr=5.3694 | mi=0.0057 | decorr=0.1437 | jepa=0.0156 | kg=0.0730 | total=5.3819
2026-05-29 13:14:17 | DEBUG    | [P1 E09 S1670] asr=5.4038 | mi=0.0070 | decorr=0.1394 | jepa=0.0203 | kg=0.0786 | total=5.4168
2026-05-29 13:14:18 | DEBUG    | [P1 E09 S1680] asr=5.3953 | mi=0.0065 | decorr=0.1303 | jepa=0.0224 | kg=0.0753 | total=5.4079
2026-05-29 13:14:18 | INFO     | P1 Epoch 09/10 | asr=5.2903 | mi=0.0064 | decorr=0.1477 | jepa=0.0188 | kg=0.0964 | total=5.3045 | 17.4s (687 samp/s)
2026-05-29 13:14:19 | INFO     |   Val: 5.4544  ← best
2026-05-29 13:14:20 | INFO     |   Saved Phase1 best → checkpoints/phase1_best.pt
2026-05-29 13:14:20 | DEBUG    | [P1 E10 S1690] asr=5.0337 | mi=0.0061 | decorr=0.1286 | jepa=0.0225 | kg=0.0704 | total=5.0460
2026-05-29 13:14:21 | DEBUG    | [P1 E10 S1700] asr=5.2310 | mi=0.0063 | decorr=0.1314 | jepa=0.0190 | kg=0.0721 | total=5.2431
2026-05-29 13:14:22 | DEBUG    | [P1 E10 S1710] asr=4.6856 | mi=0.0063 | decorr=0.1352 | jepa=0.0194 | kg=0.0676 | total=4.6977
2026-05-29 13:14:23 | DEBUG    | [P1 E10 S1720] asr=5.2885 | mi=0.0073 | decorr=0.1408 | jepa=0.0252 | kg=0.0729 | total=5.3018
2026-05-29 13:14:24 | DEBUG    | [P1 E10 S1730] asr=5.0242 | mi=0.0063 | decorr=0.1312 | jepa=0.0199 | kg=0.0688 | total=5.0362
2026-05-29 13:14:25 | DEBUG    | [P1 E10 S1740] asr=5.1180 | mi=0.0072 | decorr=0.1290 | jepa=0.0258 | kg=0.0687 | total=5.1305
2026-05-29 13:14:26 | DEBUG    | [P1 E10 S1750] asr=5.2493 | mi=0.0063 | decorr=0.1268 | jepa=0.0225 | kg=0.0709 | total=5.2615
2026-05-29 13:14:27 | DEBUG    | [P1 E10 S1760] asr=5.5448 | mi=0.0060 | decorr=0.1268 | jepa=0.0227 | kg=0.0685 | total=5.5569
2026-05-29 13:14:28 | DEBUG    | [P1 E10 S1770] asr=5.0891 | mi=0.0065 | decorr=0.1250 | jepa=0.0217 | kg=0.0633 | total=5.1007
2026-05-29 13:14:29 | DEBUG    | [P1 E10 S1780] asr=5.1145 | mi=0.0066 | decorr=0.1256 | jepa=0.0261 | kg=0.0633 | total=5.1266
2026-05-29 13:14:30 | DEBUG    | [P1 E10 S1790] asr=4.8702 | mi=0.0065 | decorr=0.1279 | jepa=0.0192 | kg=0.0637 | total=4.8817
2026-05-29 13:14:31 | DEBUG    | [P1 E10 S1800] asr=5.4343 | mi=0.0069 | decorr=0.1264 | jepa=0.0221 | kg=0.0805 | total=5.4470
2026-05-29 13:14:32 | DEBUG    | [P1 E10 S1810] asr=5.3603 | mi=0.0061 | decorr=0.1106 | jepa=0.0208 | kg=0.0692 | total=5.3714
2026-05-29 13:14:33 | DEBUG    | [P1 E10 S1820] asr=5.1866 | mi=0.0051 | decorr=0.1115 | jepa=0.0225 | kg=0.0627 | total=5.1977
2026-05-29 13:14:33 | DEBUG    | [P1 E10 S1830] asr=5.1607 | mi=0.0077 | decorr=0.1323 | jepa=0.0210 | kg=0.0667 | total=5.1728
2026-05-29 13:14:34 | DEBUG    | [P1 E10 S1840] asr=5.3687 | mi=0.0057 | decorr=0.1221 | jepa=0.0189 | kg=0.1026 | total=5.3818
2026-05-29 13:14:35 | DEBUG    | [P1 E10 S1850] asr=5.1799 | mi=0.0059 | decorr=0.1286 | jepa=0.0156 | kg=0.0717 | total=5.1916
2026-05-29 13:14:36 | DEBUG    | [P1 E10 S1860] asr=5.1261 | mi=0.0072 | decorr=0.1326 | jepa=0.0302 | kg=0.0702 | total=5.1393
2026-05-29 13:14:37 | DEBUG    | [P1 E10 S1870] asr=5.2840 | mi=0.0060 | decorr=0.1278 | jepa=0.0294 | kg=0.0738 | total=5.2971
2026-05-29 13:14:37 | INFO     | P1 Epoch 10/10 | asr=5.2401 | mi=0.0064 | decorr=0.1269 | jepa=0.0223 | kg=0.0893 | total=5.2532 | 17.4s (690 samp/s)
2026-05-29 13:14:38 | INFO     |   Val: 5.4496  ← best
2026-05-29 13:14:39 | INFO     |   Saved Phase1 best → checkpoints/phase1_best.pt
2026-05-29 13:14:39 | INFO     | Computing Fisher Information Matrix …
2026-05-29 13:15:10 | INFO     | Fisher computed for 66 tensors.
2026-05-29 13:15:10 | INFO     | === Phase 2: Continual + EWC (epochs 11–20) ===
2026-05-29 13:15:11 | DEBUG    | [P2 E11 S1880] asr=5.1453 | mi=0.0063 | decorr=0.1220 | jepa=0.0224 | kg=0.0647 | total=5.1570 | ewc=0.0000 raw=0.000000
2026-05-29 13:15:12 | DEBUG    | [P2 E11 S1890] asr=5.1387 | mi=0.0071 | decorr=0.1218 | jepa=0.0342 | kg=0.0696 | total=5.1518 | ewc=0.0000 raw=0.000000
2026-05-29 13:15:13 | DEBUG    | [P2 E11 S1900] asr=4.9135 | mi=0.0062 | decorr=0.1099 | jepa=0.0266 | kg=0.0679 | total=4.9252 | ewc=0.0000 raw=0.000000
2026-05-29 13:15:14 | DEBUG    | [P2 E11 S1910] asr=5.0081 | mi=0.0059 | decorr=0.1200 | jepa=0.0203 | kg=0.0853 | total=5.0205 | ewc=0.0000 raw=0.000000
2026-05-29 13:15:15 | DEBUG    | [P2 E11 S1920] asr=5.1982 | mi=0.0063 | decorr=0.1068 | jepa=0.0279 | kg=0.0727 | total=5.2100 | ewc=0.0000 raw=0.000000
2026-05-29 13:15:16 | DEBUG    | [P2 E11 S1930] asr=4.9538 | mi=0.0062 | decorr=0.1030 | jepa=0.0328 | kg=0.0682 | total=4.9657 | ewc=0.0000 raw=0.000000
2026-05-29 13:15:18 | DEBUG    | [P2 E11 S1940] asr=5.1410 | mi=0.0062 | decorr=0.1037 | jepa=0.0315 | kg=0.0631 | total=5.1526 | ewc=0.0000 raw=0.000000
2026-05-29 13:15:19 | DEBUG    | [P2 E11 S1950] asr=5.3863 | mi=0.0058 | decorr=0.0971 | jepa=0.0319 | kg=0.0656 | total=5.3977 | ewc=0.0000 raw=0.000000
2026-05-29 13:15:20 | DEBUG    | [P2 E11 S1960] asr=5.1763 | mi=0.0066 | decorr=0.1137 | jepa=0.0367 | kg=0.0616 | total=5.1888 | ewc=0.0000 raw=0.000000
2026-05-29 13:15:21 | DEBUG    | [P2 E11 S1970] asr=4.8852 | mi=0.0061 | decorr=0.1102 | jepa=0.0283 | kg=0.0576 | total=4.8964 | ewc=0.0000 raw=0.000000
2026-05-29 13:15:22 | DEBUG    | [P2 E11 S1980] asr=5.1788 | mi=0.0060 | decorr=0.1206 | jepa=0.0230 | kg=0.0557 | total=5.1900 | ewc=0.0000 raw=0.000000
2026-05-29 13:15:23 | DEBUG    | [P2 E11 S1990] asr=4.9189 | mi=0.0067 | decorr=0.1171 | jepa=0.0254 | kg=0.0537 | total=4.9301 | ewc=0.0000 raw=0.000000
2026-05-29 13:15:24 | DEBUG    | [P2 E11 S2000] asr=5.2465 | mi=0.0064 | decorr=0.1121 | jepa=0.0271 | kg=0.0564 | total=5.2577 | ewc=0.0000 raw=0.000000
2026-05-29 13:15:25 | DEBUG    | [P2 E11 S2010] asr=5.6935 | mi=0.0058 | decorr=0.1221 | jepa=0.0234 | kg=0.0594 | total=5.7050 | ewc=0.0000 raw=0.000000
2026-05-29 13:15:26 | DEBUG    | [P2 E11 S2020] asr=5.1933 | mi=0.0064 | decorr=0.1045 | jepa=0.0307 | kg=0.0603 | total=5.2047 | ewc=0.0000 raw=0.000000
2026-05-29 13:15:27 | DEBUG    | [P2 E11 S2030] asr=5.1814 | mi=0.0056 | decorr=0.1023 | jepa=0.0331 | kg=0.0540 | total=5.1926 | ewc=0.0000 raw=0.000000
2026-05-29 13:15:28 | DEBUG    | [P2 E11 S2040] asr=5.1094 | mi=0.0059 | decorr=0.1092 | jepa=0.0258 | kg=0.0532 | total=5.1201 | ewc=0.0000 raw=0.000000
2026-05-29 13:15:29 | DEBUG    | [P2 E11 S2050] asr=5.1733 | mi=0.0074 | decorr=0.1125 | jepa=0.0279 | kg=0.0603 | total=5.1848 | ewc=0.0000 raw=0.000000
2026-05-29 13:15:30 | INFO     | P2 Epoch 11/20 | asr=5.1902 | mi=0.0064 | decorr=0.1116 | jepa=0.0278 | kg=0.0690 | total=10.4042 | ewc=0.0000 (raw=0.000000) | 19.5s (613 samp/s)
2026-05-29 13:15:30 | INFO     |   Val: 5.4782  ← best
2026-05-29 13:15:32 | INFO     |   Saved Phase2 best → checkpoints/phase2_best.pt
2026-05-29 13:15:32 | DEBUG    | [P2 E12 S2060] asr=5.2445 | mi=0.0056 | decorr=0.1067 | jepa=0.0234 | kg=0.0550 | total=5.2550 | ewc=0.0000 raw=0.000000
2026-05-29 13:15:33 | DEBUG    | [P2 E12 S2070] asr=4.8063 | mi=0.0062 | decorr=0.1006 | jepa=0.0233 | kg=0.0566 | total=4.8165 | ewc=0.0000 raw=0.000000
2026-05-29 13:15:34 | DEBUG    | [P2 E12 S2080] asr=4.9156 | mi=0.0068 | decorr=0.1069 | jepa=0.0304 | kg=0.0630 | total=4.9272 | ewc=0.0000 raw=0.000000
2026-05-29 13:15:35 | DEBUG    | [P2 E12 S2090] asr=4.9594 | mi=0.0059 | decorr=0.1031 | jepa=0.0316 | kg=0.0606 | total=4.9708 | ewc=0.0000 raw=0.000000
2026-05-29 13:15:36 | DEBUG    | [P2 E12 S2100] asr=5.1278 | mi=0.0072 | decorr=0.1048 | jepa=0.0414 | kg=0.0635 | total=5.1404 | ewc=0.0000 raw=0.000000
2026-05-29 13:15:37 | DEBUG    | [P2 E12 S2110] asr=5.1332 | mi=0.0066 | decorr=0.1018 | jepa=0.0350 | kg=1.2227 | total=5.2030 | ewc=0.0000 raw=0.000000
2026-05-29 13:15:38 | DEBUG    | [P2 E12 S2120] asr=4.9489 | mi=0.0060 | decorr=0.0995 | jepa=0.0381 | kg=0.0656 | total=4.9610 | ewc=0.0000 raw=0.000000
2026-05-29 13:15:39 | DEBUG    | [P2 E12 S2130] asr=5.3629 | mi=0.0059 | decorr=0.1014 | jepa=0.0301 | kg=0.0576 | total=5.3739 | ewc=0.0000 raw=0.000000
2026-05-29 13:15:40 | DEBUG    | [P2 E12 S2140] asr=5.0189 | mi=0.0053 | decorr=0.0948 | jepa=0.0353 | kg=0.0537 | total=5.0299 | ewc=0.0000 raw=0.000000
2026-05-29 13:15:41 | DEBUG    | [P2 E12 S2150] asr=4.6265 | mi=0.0068 | decorr=0.0974 | jepa=0.0332 | kg=0.0524 | total=4.6374 | ewc=0.0000 raw=0.000000
2026-05-29 13:15:42 | DEBUG    | [P2 E12 S2160] asr=5.2460 | mi=0.0057 | decorr=0.0935 | jepa=0.0366 | kg=0.0543 | total=5.2571 | ewc=0.0000 raw=0.000000
2026-05-29 13:15:43 | DEBUG    | [P2 E12 S2170] asr=5.2659 | mi=0.0062 | decorr=0.1059 | jepa=0.0355 | kg=0.0695 | total=5.2783 | ewc=0.0000 raw=0.000000
2026-05-29 13:15:45 | DEBUG    | [P2 E12 S2180] asr=5.0235 | mi=0.0060 | decorr=0.0972 | jepa=0.0351 | kg=0.0571 | total=5.0348 | ewc=0.0000 raw=0.000000
2026-05-29 13:15:46 | DEBUG    | [P2 E12 S2190] asr=5.1626 | mi=0.0058 | decorr=0.1040 | jepa=0.0390 | kg=0.0538 | total=5.1744 | ewc=0.0000 raw=0.000000
2026-05-29 13:15:47 | DEBUG    | [P2 E12 S2200] asr=5.3317 | mi=0.0067 | decorr=0.0962 | jepa=0.0411 | kg=0.0558 | total=5.3435 | ewc=0.0000 raw=0.000000
2026-05-29 13:15:48 | DEBUG    | [P2 E12 S2210] asr=5.1703 | mi=0.0062 | decorr=0.0997 | jepa=0.0334 | kg=0.0528 | total=5.1813 | ewc=0.0000 raw=0.000000
2026-05-29 13:15:49 | DEBUG    | [P2 E12 S2220] asr=5.1212 | mi=0.0057 | decorr=0.0980 | jepa=0.0282 | kg=0.0587 | total=5.1319 | ewc=0.0000 raw=0.000000
2026-05-29 13:15:50 | DEBUG    | [P2 E12 S2230] asr=5.1036 | mi=0.0064 | decorr=0.0995 | jepa=0.0279 | kg=0.0547 | total=5.1142 | ewc=0.0000 raw=0.000000
2026-05-29 13:15:51 | DEBUG    | [P2 E12 S2240] asr=5.0440 | mi=0.0079 | decorr=0.1097 | jepa=0.0404 | kg=0.0565 | total=5.0564 | ewc=0.0000 raw=0.000000
2026-05-29 13:15:51 | INFO     | P2 Epoch 12/20 | asr=5.1385 | mi=0.0063 | decorr=0.1018 | jepa=0.0331 | kg=0.0975 | total=10.3036 | ewc=0.0000 (raw=0.000000) | 19.4s (615 samp/s)
2026-05-29 13:15:52 | INFO     |   Val: 5.4801
2026-05-29 13:15:52 | DEBUG    | [P2 E13 S2250] asr=5.0287 | mi=0.0057 | decorr=0.0964 | jepa=0.0393 | kg=0.0485 | total=5.0400 | ewc=0.0000 raw=0.000000
2026-05-29 13:15:53 | DEBUG    | [P2 E13 S2260] asr=4.8365 | mi=0.0060 | decorr=0.1013 | jepa=0.0274 | kg=0.0462 | total=4.8467 | ewc=0.0000 raw=0.000000
2026-05-29 13:15:54 | DEBUG    | [P2 E13 S2270] asr=5.3573 | mi=0.0063 | decorr=0.0936 | jepa=0.0374 | kg=0.0572 | total=5.3686 | ewc=0.0000 raw=0.000000
2026-05-29 13:15:55 | DEBUG    | [P2 E13 S2280] asr=4.9442 | mi=0.0063 | decorr=0.0993 | jepa=0.0362 | kg=0.0521 | total=4.9554 | ewc=0.0000 raw=0.000000
2026-05-29 13:15:57 | DEBUG    | [P2 E13 S2290] asr=5.2149 | mi=0.0060 | decorr=0.0985 | jepa=0.0340 | kg=0.0497 | total=5.2257 | ewc=0.0000 raw=0.000000
2026-05-29 13:15:58 | DEBUG    | [P2 E13 S2300] asr=4.9009 | mi=0.0059 | decorr=0.0914 | jepa=0.0407 | kg=0.0482 | total=4.9120 | ewc=0.0000 raw=0.000000
2026-05-29 13:15:59 | DEBUG    | [P2 E13 S2310] asr=5.3927 | mi=0.0069 | decorr=0.0975 | jepa=0.0539 | kg=0.0510 | total=5.4056 | ewc=0.0000 raw=0.000000
2026-05-29 13:16:00 | DEBUG    | [P2 E13 S2320] asr=5.2930 | mi=0.0056 | decorr=0.0971 | jepa=0.0381 | kg=0.0487 | total=5.3041 | ewc=0.0000 raw=0.000000
2026-05-29 13:16:01 | DEBUG    | [P2 E13 S2330] asr=5.0523 | mi=0.0066 | decorr=0.1050 | jepa=0.0356 | kg=0.0488 | total=5.0637 | ewc=0.0000 raw=0.000000
2026-05-29 13:16:02 | DEBUG    | [P2 E13 S2340] asr=5.3510 | mi=0.0055 | decorr=0.0883 | jepa=0.0391 | kg=0.0477 | total=5.3618 | ewc=0.0000 raw=0.000000
2026-05-29 13:16:03 | DEBUG    | [P2 E13 S2350] asr=5.0416 | mi=0.0057 | decorr=0.0925 | jepa=0.0372 | kg=0.0462 | total=5.0524 | ewc=0.0000 raw=0.000000
2026-05-29 13:16:04 | DEBUG    | [P2 E13 S2360] asr=5.3080 | mi=0.0064 | decorr=0.0978 | jepa=0.0381 | kg=0.0485 | total=5.3192 | ewc=0.0000 raw=0.000000
2026-05-29 13:16:05 | DEBUG    | [P2 E13 S2370] asr=4.8800 | mi=0.0061 | decorr=0.0981 | jepa=0.0295 | kg=0.0449 | total=4.8902 | ewc=0.0000 raw=0.000000
2026-05-29 13:16:06 | DEBUG    | [P2 E13 S2380] asr=5.3126 | mi=0.0064 | decorr=0.0947 | jepa=0.0491 | kg=0.0453 | total=5.3246 | ewc=0.0000 raw=0.000000
2026-05-29 13:16:07 | DEBUG    | [P2 E13 S2390] asr=4.8785 | mi=0.0054 | decorr=0.0953 | jepa=0.0312 | kg=0.0395 | total=4.8884 | ewc=0.0000 raw=0.000000
2026-05-29 13:16:08 | DEBUG    | [P2 E13 S2400] asr=5.2742 | mi=0.0062 | decorr=0.0903 | jepa=0.0365 | kg=0.0470 | total=5.2848 | ewc=0.0000 raw=0.000000
2026-05-29 13:16:09 | DEBUG    | [P2 E13 S2410] asr=4.8121 | mi=0.0064 | decorr=0.1006 | jepa=0.0381 | kg=0.0431 | total=4.8231 | ewc=0.0000 raw=0.000000
2026-05-29 13:16:10 | DEBUG    | [P2 E13 S2420] asr=5.0964 | mi=0.0056 | decorr=0.0931 | jepa=0.0325 | kg=0.0397 | total=5.1063 | ewc=0.0000 raw=0.000000
2026-05-29 13:16:11 | DEBUG    | [P2 E13 S2430] asr=5.2751 | mi=0.0061 | decorr=0.0943 | jepa=0.0378 | kg=0.0437 | total=5.2859 | ewc=0.0000 raw=0.000000
2026-05-29 13:16:11 | INFO     | P2 Epoch 13/20 | asr=5.0811 | mi=0.0062 | decorr=0.0963 | jepa=0.0369 | kg=0.0476 | total=10.1841 | ewc=0.0000 (raw=0.000000) | 19.3s (620 samp/s)
2026-05-29 13:16:12 | INFO     |   Val: 5.4921
2026-05-29 13:16:13 | DEBUG    | [P2 E14 S2440] asr=5.2360 | mi=0.0065 | decorr=0.0974 | jepa=0.0416 | kg=0.0513 | total=5.2477 | ewc=0.0000 raw=0.000000
2026-05-29 13:16:14 | DEBUG    | [P2 E14 S2450] asr=5.1347 | mi=0.0066 | decorr=0.0924 | jepa=0.0397 | kg=0.0450 | total=5.1456 | ewc=0.0000 raw=0.000000
2026-05-29 13:16:15 | DEBUG    | [P2 E14 S2460] asr=4.8709 | mi=0.0064 | decorr=0.0937 | jepa=0.0383 | kg=0.0459 | total=4.8818 | ewc=0.0000 raw=0.000000
2026-05-29 13:16:16 | DEBUG    | [P2 E14 S2470] asr=4.8945 | mi=0.0060 | decorr=0.0966 | jepa=0.0333 | kg=0.0447 | total=4.9049 | ewc=0.0000 raw=0.000000
2026-05-29 13:16:17 | DEBUG    | [P2 E14 S2480] asr=4.8802 | mi=0.0065 | decorr=0.0959 | jepa=0.0342 | kg=0.0450 | total=4.8908 | ewc=0.0000 raw=0.000000
2026-05-29 13:16:18 | DEBUG    | [P2 E14 S2490] asr=5.0954 | mi=0.0072 | decorr=0.0992 | jepa=0.0410 | kg=0.0461 | total=5.1068 | ewc=0.0000 raw=0.000000
2026-05-29 13:16:19 | DEBUG    | [P2 E14 S2500] asr=5.1235 | mi=0.0063 | decorr=0.0944 | jepa=0.0375 | kg=0.0420 | total=5.1341 | ewc=0.0000 raw=0.000000
2026-05-29 13:16:20 | DEBUG    | [P2 E14 S2510] asr=5.0751 | mi=0.0074 | decorr=0.0914 | jepa=0.0487 | kg=0.0436 | total=5.0868 | ewc=0.0000 raw=0.000000
2026-05-29 13:16:21 | DEBUG    | [P2 E14 S2520] asr=5.4021 | mi=0.0063 | decorr=0.0934 | jepa=0.0415 | kg=0.0440 | total=5.4132 | ewc=0.0001 raw=0.000000
2026-05-29 13:16:22 | DEBUG    | [P2 E14 S2530] asr=5.0189 | mi=0.0047 | decorr=0.0851 | jepa=0.0366 | kg=0.0392 | total=5.0289 | ewc=0.0001 raw=0.000000
2026-05-29 13:16:23 | DEBUG    | [P2 E14 S2540] asr=4.9568 | mi=0.0075 | decorr=0.1021 | jepa=0.0333 | kg=0.0512 | total=4.9679 | ewc=0.0001 raw=0.000000
2026-05-29 13:16:24 | DEBUG    | [P2 E14 S2550] asr=5.2140 | mi=0.0060 | decorr=0.0946 | jepa=0.0414 | kg=0.0452 | total=5.2252 | ewc=0.0001 raw=0.000000
2026-05-29 13:16:25 | DEBUG    | [P2 E14 S2560] asr=5.1476 | mi=0.0063 | decorr=0.0901 | jepa=0.0435 | kg=0.0440 | total=5.1587 | ewc=0.0001 raw=0.000000
2026-05-29 13:16:26 | DEBUG    | [P2 E14 S2570] asr=5.2740 | mi=0.0059 | decorr=0.0896 | jepa=0.0398 | kg=0.0382 | total=5.2844 | ewc=0.0001 raw=0.000000
2026-05-29 13:16:27 | DEBUG    | [P2 E14 S2580] asr=5.0943 | mi=0.0062 | decorr=0.0870 | jepa=0.0538 | kg=0.0436 | total=5.1062 | ewc=0.0001 raw=0.000000
2026-05-29 13:16:28 | DEBUG    | [P2 E14 S2590] asr=4.9307 | mi=0.0063 | decorr=0.0912 | jepa=0.0469 | kg=0.0386 | total=4.9420 | ewc=0.0001 raw=0.000000
2026-05-29 13:16:29 | DEBUG    | [P2 E14 S2600] asr=5.0719 | mi=0.0058 | decorr=0.0910 | jepa=0.0407 | kg=0.0393 | total=5.0826 | ewc=0.0001 raw=0.000000
2026-05-29 13:16:30 | DEBUG    | [P2 E14 S2610] asr=4.8856 | mi=0.0072 | decorr=0.0979 | jepa=0.0483 | kg=0.0399 | total=4.8974 | ewc=0.0001 raw=0.000000
2026-05-29 13:16:31 | INFO     | P2 Epoch 14/20 | asr=5.0300 | mi=0.0062 | decorr=0.0933 | jepa=0.0396 | kg=0.0553 | total=10.0829 | ewc=0.0001 (raw=0.000000) | 19.4s (617 samp/s)
2026-05-29 13:16:32 | INFO     |   Val: 5.5046
2026-05-29 13:16:32 | DEBUG    | [P2 E15 S2620] asr=4.7294 | mi=0.0058 | decorr=0.0932 | jepa=0.0384 | kg=0.0381 | total=4.7399 | ewc=0.0001 raw=0.000000
2026-05-29 13:16:33 | DEBUG    | [P2 E15 S2630] asr=4.9818 | mi=0.0060 | decorr=0.0899 | jepa=0.0476 | kg=0.0393 | total=4.9931 | ewc=0.0001 raw=0.000000
2026-05-29 13:16:34 | DEBUG    | [P2 E15 S2640] asr=4.8465 | mi=0.0062 | decorr=0.0897 | jepa=0.0433 | kg=0.0388 | total=4.8574 | ewc=0.0001 raw=0.000000
2026-05-29 13:16:35 | DEBUG    | [P2 E15 S2650] asr=5.1903 | mi=0.0056 | decorr=0.0894 | jepa=0.0434 | kg=0.0449 | total=5.2015 | ewc=0.0001 raw=0.000000
2026-05-29 13:16:36 | DEBUG    | [P2 E15 S2660] asr=5.0502 | mi=0.0055 | decorr=0.0879 | jepa=0.0454 | kg=0.0409 | total=5.0612 | ewc=0.0001 raw=0.000000
2026-05-29 13:16:37 | DEBUG    | [P2 E15 S2670] asr=4.8760 | mi=0.0052 | decorr=0.0872 | jepa=0.0450 | kg=0.0388 | total=4.8869 | ewc=0.0001 raw=0.000000
2026-05-29 13:16:38 | DEBUG    | [P2 E15 S2680] asr=5.0312 | mi=0.0069 | decorr=0.0952 | jepa=0.0460 | kg=0.0390 | total=5.0425 | ewc=0.0001 raw=0.000000
2026-05-29 13:16:39 | DEBUG    | [P2 E15 S2690] asr=5.3434 | mi=0.0055 | decorr=0.0903 | jepa=0.0383 | kg=0.0402 | total=5.3538 | ewc=0.0001 raw=0.000000
2026-05-29 13:16:40 | DEBUG    | [P2 E15 S2700] asr=4.8138 | mi=0.0064 | decorr=0.0914 | jepa=0.0407 | kg=0.0369 | total=4.8244 | ewc=0.0001 raw=0.000000
2026-05-29 13:16:41 | DEBUG    | [P2 E15 S2710] asr=4.9165 | mi=0.0065 | decorr=0.0934 | jepa=0.0356 | kg=0.0375 | total=4.9267 | ewc=0.0001 raw=0.000000
2026-05-29 13:16:42 | DEBUG    | [P2 E15 S2720] asr=4.8061 | mi=0.0059 | decorr=0.0842 | jepa=0.0495 | kg=0.0343 | total=4.8171 | ewc=0.0001 raw=0.000000
2026-05-29 13:16:43 | DEBUG    | [P2 E15 S2730] asr=5.3369 | mi=0.0047 | decorr=0.0819 | jepa=0.0419 | kg=0.0384 | total=5.3471 | ewc=0.0001 raw=0.000000
2026-05-29 13:16:44 | DEBUG    | [P2 E15 S2740] asr=5.0649 | mi=0.0074 | decorr=0.1021 | jepa=0.0450 | kg=0.0400 | total=5.0765 | ewc=0.0001 raw=0.000000
2026-05-29 13:16:45 | DEBUG    | [P2 E15 S2750] asr=4.8227 | mi=0.0055 | decorr=0.0841 | jepa=0.0437 | kg=0.0350 | total=4.8331 | ewc=0.0001 raw=0.000000
2026-05-29 13:16:46 | DEBUG    | [P2 E15 S2760] asr=4.6880 | mi=0.0069 | decorr=0.0938 | jepa=0.0423 | kg=0.0352 | total=4.6987 | ewc=0.0001 raw=0.000000
2026-05-29 13:16:47 | DEBUG    | [P2 E15 S2770] asr=4.9828 | mi=0.0056 | decorr=0.0922 | jepa=0.0428 | kg=0.0341 | total=4.9935 | ewc=0.0001 raw=0.000000
2026-05-29 13:16:48 | DEBUG    | [P2 E15 S2780] asr=5.1073 | mi=0.0060 | decorr=0.0937 | jepa=0.0422 | kg=0.0357 | total=5.1181 | ewc=0.0001 raw=0.000000
2026-05-29 13:16:50 | DEBUG    | [P2 E15 S2790] asr=4.7590 | mi=0.0057 | decorr=0.0917 | jepa=0.0382 | kg=0.0341 | total=4.7691 | ewc=0.0001 raw=0.000000
2026-05-29 13:16:51 | DEBUG    | [P2 E15 S2800] asr=5.1323 | mi=0.0062 | decorr=0.0900 | jepa=0.0466 | kg=0.0374 | total=5.1434 | ewc=0.0001 raw=0.000000
2026-05-29 13:16:51 | INFO     | P2 Epoch 15/20 | asr=4.9887 | mi=0.0061 | decorr=0.0914 | jepa=0.0428 | kg=0.0443 | total=9.9997 | ewc=0.0001 (raw=0.000000) | 19.3s (619 samp/s)
2026-05-29 13:16:52 | INFO     |   Val: 5.5097
2026-05-29 13:16:52 | DEBUG    | [P2 E16 S2810] asr=4.7090 | mi=0.0064 | decorr=0.0956 | jepa=0.0382 | kg=0.0340 | total=4.7193 | ewc=0.0001 raw=0.000000
2026-05-29 13:16:53 | DEBUG    | [P2 E16 S2820] asr=5.0880 | mi=0.0058 | decorr=0.0899 | jepa=0.0391 | kg=0.0359 | total=5.0983 | ewc=0.0001 raw=0.000000
2026-05-29 13:16:54 | DEBUG    | [P2 E16 S2830] asr=4.9753 | mi=0.0063 | decorr=0.0908 | jepa=0.0444 | kg=0.0351 | total=4.9861 | ewc=0.0001 raw=0.000000
2026-05-29 13:16:55 | DEBUG    | [P2 E16 S2840] asr=5.2854 | mi=0.0062 | decorr=0.0911 | jepa=0.0474 | kg=0.0379 | total=5.2967 | ewc=0.0001 raw=0.000000
2026-05-29 13:16:56 | DEBUG    | [P2 E16 S2850] asr=4.8036 | mi=0.0071 | decorr=0.1022 | jepa=0.0360 | kg=0.0330 | total=4.8140 | ewc=0.0001 raw=0.000000
2026-05-29 13:16:57 | DEBUG    | [P2 E16 S2860] asr=4.6258 | mi=0.0058 | decorr=0.0875 | jepa=0.0411 | kg=0.0322 | total=4.6359 | ewc=0.0001 raw=0.000000
2026-05-29 13:16:58 | DEBUG    | [P2 E16 S2870] asr=5.2537 | mi=0.0055 | decorr=0.0914 | jepa=0.0464 | kg=0.0368 | total=5.2648 | ewc=0.0001 raw=0.000000
2026-05-29 13:16:59 | DEBUG    | [P2 E16 S2880] asr=4.8445 | mi=0.0062 | decorr=0.0904 | jepa=0.0400 | kg=0.0316 | total=4.8547 | ewc=0.0001 raw=0.000000
2026-05-29 13:17:01 | DEBUG    | [P2 E16 S2890] asr=4.7409 | mi=0.0054 | decorr=0.0925 | jepa=0.0397 | kg=0.0381 | total=4.7515 | ewc=0.0001 raw=0.000000
2026-05-29 13:17:02 | DEBUG    | [P2 E16 S2900] asr=5.0875 | mi=0.0071 | decorr=0.0948 | jepa=0.0503 | kg=0.0378 | total=5.0992 | ewc=0.0001 raw=0.000000
2026-05-29 13:17:03 | DEBUG    | [P2 E16 S2910] asr=4.8771 | mi=0.0066 | decorr=0.0969 | jepa=0.0439 | kg=0.0381 | total=4.8883 | ewc=0.0001 raw=0.000000
2026-05-29 13:17:04 | DEBUG    | [P2 E16 S2920] asr=4.7958 | mi=0.0060 | decorr=0.0913 | jepa=0.0365 | kg=0.0343 | total=4.8058 | ewc=0.0001 raw=0.000000
2026-05-29 13:17:05 | DEBUG    | [P2 E16 S2930] asr=4.8771 | mi=0.0068 | decorr=0.0944 | jepa=0.0413 | kg=0.0382 | total=4.8879 | ewc=0.0001 raw=0.000000
2026-05-29 13:17:06 | DEBUG    | [P2 E16 S2940] asr=4.8651 | mi=0.0063 | decorr=0.0914 | jepa=0.0415 | kg=0.0370 | total=4.8757 | ewc=0.0001 raw=0.000000
2026-05-29 13:17:07 | DEBUG    | [P2 E16 S2950] asr=5.0376 | mi=0.0052 | decorr=0.0829 | jepa=0.0450 | kg=0.0341 | total=5.0480 | ewc=0.0001 raw=0.000000
2026-05-29 13:17:08 | DEBUG    | [P2 E16 S2960] asr=4.7514 | mi=0.0052 | decorr=0.0904 | jepa=0.0347 | kg=0.0308 | total=4.7610 | ewc=0.0001 raw=0.000000
2026-05-29 13:17:09 | DEBUG    | [P2 E16 S2970] asr=5.0616 | mi=0.0051 | decorr=0.0895 | jepa=0.0461 | kg=0.0347 | total=5.0725 | ewc=0.0001 raw=0.000000
2026-05-29 13:17:10 | DEBUG    | [P2 E16 S2980] asr=5.0690 | mi=0.0069 | decorr=0.0984 | jepa=0.0408 | kg=0.0389 | total=5.0800 | ewc=0.0001 raw=0.000000
2026-05-29 13:17:11 | DEBUG    | [P2 E16 S2990] asr=4.8766 | mi=0.0063 | decorr=0.0887 | jepa=0.0529 | kg=0.0360 | total=4.8882 | ewc=0.0001 raw=0.000000
2026-05-29 13:17:11 | INFO     | P2 Epoch 16/20 | asr=4.9491 | mi=0.0061 | decorr=0.0906 | jepa=0.0442 | kg=0.0677 | total=9.9232 | ewc=0.0001 (raw=0.000000) | 19.3s (620 samp/s)
2026-05-29 13:17:12 | INFO     |   Val: 5.5392
2026-05-29 13:17:12 | DEBUG    | [P2 E17 S3000] asr=4.9418 | mi=0.0058 | decorr=0.0911 | jepa=0.0405 | kg=0.0332 | total=4.9521 | ewc=0.0001 raw=0.000000
2026-05-29 13:17:14 | DEBUG    | [P2 E17 S3010] asr=4.8102 | mi=0.0072 | decorr=0.0939 | jepa=0.0445 | kg=0.0331 | total=4.8210 | ewc=0.0001 raw=0.000000
2026-05-29 13:17:15 | DEBUG    | [P2 E17 S3020] asr=5.0241 | mi=0.0057 | decorr=0.0930 | jepa=0.0446 | kg=0.0345 | total=5.0350 | ewc=0.0001 raw=0.000000
2026-05-29 13:17:16 | DEBUG    | [P2 E17 S3030] asr=4.7674 | mi=0.0065 | decorr=0.0883 | jepa=0.0462 | kg=0.0320 | total=4.7781 | ewc=0.0001 raw=0.000000
2026-05-29 13:17:17 | DEBUG    | [P2 E17 S3040] asr=4.8477 | mi=0.0063 | decorr=0.0905 | jepa=0.0494 | kg=0.0326 | total=4.8588 | ewc=0.0001 raw=0.000000
2026-05-29 13:17:18 | DEBUG    | [P2 E17 S3050] asr=4.8129 | mi=0.0071 | decorr=0.0932 | jepa=0.0403 | kg=0.0332 | total=4.8233 | ewc=0.0001 raw=0.000000
2026-05-29 13:17:19 | DEBUG    | [P2 E17 S3060] asr=5.0235 | mi=0.0061 | decorr=0.0925 | jepa=0.0480 | kg=0.0319 | total=5.0346 | ewc=0.0001 raw=0.000000
2026-05-29 13:17:20 | DEBUG    | [P2 E17 S3070] asr=5.1099 | mi=0.0056 | decorr=0.0918 | jepa=0.0462 | kg=0.0334 | total=5.1208 | ewc=0.0001 raw=0.000000
2026-05-29 13:17:21 | DEBUG    | [P2 E17 S3080] asr=4.7874 | mi=0.0072 | decorr=0.0959 | jepa=0.0504 | kg=0.0316 | total=4.7989 | ewc=0.0001 raw=0.000000
2026-05-29 13:17:22 | DEBUG    | [P2 E17 S3090] asr=5.1596 | mi=0.0067 | decorr=0.0934 | jepa=0.0486 | kg=0.0343 | total=5.1709 | ewc=0.0001 raw=0.000000
2026-05-29 13:17:23 | DEBUG    | [P2 E17 S3100] asr=4.9624 | mi=0.0050 | decorr=0.0841 | jepa=0.0472 | kg=0.0328 | total=4.9730 | ewc=0.0001 raw=0.000000
2026-05-29 13:17:24 | DEBUG    | [P2 E17 S3110] asr=4.8479 | mi=0.0053 | decorr=0.0840 | jepa=0.0456 | kg=0.0326 | total=4.8583 | ewc=0.0001 raw=0.000000
2026-05-29 13:17:25 | DEBUG    | [P2 E17 S3120] asr=4.8327 | mi=0.0060 | decorr=0.0877 | jepa=0.0402 | kg=0.0324 | total=4.8428 | ewc=0.0001 raw=0.000000
2026-05-29 13:17:26 | DEBUG    | [P2 E17 S3130] asr=4.7872 | mi=0.0064 | decorr=0.0890 | jepa=0.0483 | kg=0.0323 | total=4.7981 | ewc=0.0001 raw=0.000000
2026-05-29 13:17:27 | DEBUG    | [P2 E17 S3140] asr=4.8984 | mi=0.0061 | decorr=0.0986 | jepa=0.0410 | kg=0.0320 | total=4.9091 | ewc=0.0001 raw=0.000000
2026-05-29 13:17:28 | DEBUG    | [P2 E17 S3150] asr=4.7732 | mi=0.0064 | decorr=0.0902 | jepa=0.0460 | kg=0.0323 | total=4.7840 | ewc=0.0001 raw=0.000000
2026-05-29 13:17:29 | DEBUG    | [P2 E17 S3160] asr=4.9214 | mi=0.0065 | decorr=0.0899 | jepa=0.0483 | kg=0.0318 | total=4.9324 | ewc=0.0001 raw=0.000000
2026-05-29 13:17:30 | DEBUG    | [P2 E17 S3170] asr=5.0205 | mi=0.0055 | decorr=0.0858 | jepa=0.0475 | kg=0.0354 | total=5.0314 | ewc=0.0001 raw=0.000000
2026-05-29 13:17:31 | INFO     | P2 Epoch 17/20 | asr=4.9247 | mi=0.0060 | decorr=0.0900 | jepa=0.0453 | kg=0.0590 | total=9.8735 | ewc=0.0001 (raw=0.000000) | 19.3s (619 samp/s)
2026-05-29 13:17:32 | INFO     |   Val: 5.5468
2026-05-29 13:17:32 | DEBUG    | [P2 E18 S3180] asr=4.4395 | mi=0.0065 | decorr=0.0903 | jepa=0.0409 | kg=0.0301 | total=4.4497 | ewc=0.0001 raw=0.000000
2026-05-29 13:17:33 | DEBUG    | [P2 E18 S3190] asr=4.9765 | mi=0.0062 | decorr=0.0922 | jepa=0.0507 | kg=0.0309 | total=4.9878 | ewc=0.0001 raw=0.000000
2026-05-29 13:17:34 | DEBUG    | [P2 E18 S3200] asr=4.7891 | mi=0.0060 | decorr=0.0878 | jepa=0.0482 | kg=0.0328 | total=4.8000 | ewc=0.0001 raw=0.000000
2026-05-29 13:17:35 | DEBUG    | [P2 E18 S3210] asr=5.0585 | mi=0.0062 | decorr=0.0841 | jepa=0.0526 | kg=0.0329 | total=5.0697 | ewc=0.0001 raw=0.000000
2026-05-29 13:17:36 | DEBUG    | [P2 E18 S3220] asr=5.1815 | mi=0.0058 | decorr=0.0907 | jepa=0.0538 | kg=0.0308 | total=5.1930 | ewc=0.0001 raw=0.000000
2026-05-29 13:17:37 | DEBUG    | [P2 E18 S3230] asr=4.6192 | mi=0.0060 | decorr=0.0874 | jepa=0.0449 | kg=0.0307 | total=4.6297 | ewc=0.0001 raw=0.000000
2026-05-29 13:17:38 | DEBUG    | [P2 E18 S3240] asr=4.7099 | mi=0.0068 | decorr=0.0936 | jepa=0.0468 | kg=0.0293 | total=4.7208 | ewc=0.0001 raw=0.000000
2026-05-29 13:17:39 | DEBUG    | [P2 E18 S3250] asr=5.0193 | mi=0.0059 | decorr=0.0920 | jepa=0.0511 | kg=0.0331 | total=5.0307 | ewc=0.0001 raw=0.000000
2026-05-29 13:17:40 | DEBUG    | [P2 E18 S3260] asr=5.0664 | mi=0.0067 | decorr=0.0947 | jepa=0.0468 | kg=0.0334 | total=5.0776 | ewc=0.0001 raw=0.000000
2026-05-29 13:17:41 | DEBUG    | [P2 E18 S3270] asr=4.9220 | mi=0.0062 | decorr=0.0913 | jepa=0.0503 | kg=0.0316 | total=4.9332 | ewc=0.0001 raw=0.000000
2026-05-29 13:17:42 | DEBUG    | [P2 E18 S3280] asr=5.0249 | mi=0.0058 | decorr=0.0885 | jepa=0.0503 | kg=0.0316 | total=5.0360 | ewc=0.0001 raw=0.000000
2026-05-29 13:17:43 | DEBUG    | [P2 E18 S3290] asr=5.0396 | mi=0.0058 | decorr=0.0852 | jepa=0.0445 | kg=0.0331 | total=5.0500 | ewc=0.0001 raw=0.000000
2026-05-29 13:17:44 | DEBUG    | [P2 E18 S3300] asr=4.6246 | mi=0.0055 | decorr=0.0892 | jepa=0.0419 | kg=0.0307 | total=4.6348 | ewc=0.0001 raw=0.000000
2026-05-29 13:17:45 | DEBUG    | [P2 E18 S3310] asr=5.1274 | mi=0.0053 | decorr=0.0861 | jepa=0.0499 | kg=0.0339 | total=5.1385 | ewc=0.0001 raw=0.000000
2026-05-29 13:17:46 | DEBUG    | [P2 E18 S3320] asr=4.9278 | mi=0.0077 | decorr=0.1014 | jepa=0.0497 | kg=0.0338 | total=4.9396 | ewc=0.0001 raw=0.000000
2026-05-29 13:17:47 | DEBUG    | [P2 E18 S3330] asr=4.5155 | mi=0.0060 | decorr=0.0909 | jepa=0.0390 | kg=0.0278 | total=4.5254 | ewc=0.0001 raw=0.000000
2026-05-29 13:17:48 | DEBUG    | [P2 E18 S3340] asr=5.0682 | mi=0.0051 | decorr=0.0881 | jepa=0.0427 | kg=0.0308 | total=5.0785 | ewc=0.0001 raw=0.000000
2026-05-29 13:17:49 | DEBUG    | [P2 E18 S3350] asr=4.6156 | mi=0.0055 | decorr=0.0866 | jepa=0.0491 | kg=0.0297 | total=4.6264 | ewc=0.0001 raw=0.000000
2026-05-29 13:17:50 | DEBUG    | [P2 E18 S3360] asr=4.6999 | mi=0.0063 | decorr=0.0924 | jepa=0.0454 | kg=0.0298 | total=4.7106 | ewc=0.0001 raw=0.000000
2026-05-29 13:17:51 | INFO     | P2 Epoch 18/20 | asr=4.9033 | mi=0.0060 | decorr=0.0896 | jepa=0.0469 | kg=0.0578 | total=9.8310 | ewc=0.0001 (raw=0.000000) | 19.3s (619 samp/s)
2026-05-29 13:17:52 | INFO     |   Val: 5.5710
2026-05-29 13:17:52 | DEBUG    | [P2 E19 S3370] asr=4.9002 | mi=0.0062 | decorr=0.0900 | jepa=0.0433 | kg=0.0323 | total=4.9107 | ewc=0.0001 raw=0.000000
2026-05-29 13:17:53 | DEBUG    | [P2 E19 S3380] asr=5.0084 | mi=0.0058 | decorr=0.0903 | jepa=0.0431 | kg=0.0323 | total=5.0189 | ewc=0.0001 raw=0.000000
2026-05-29 13:17:54 | DEBUG    | [P2 E19 S3390] asr=4.8243 | mi=0.0069 | decorr=0.0939 | jepa=0.0531 | kg=0.0332 | total=4.8360 | ewc=0.0001 raw=0.000000
2026-05-29 13:17:55 | DEBUG    | [P2 E19 S3400] asr=4.8360 | mi=0.0062 | decorr=0.0863 | jepa=0.0510 | kg=0.0318 | total=4.8471 | ewc=0.0001 raw=0.000000
2026-05-29 13:17:56 | DEBUG    | [P2 E19 S3410] asr=5.1461 | mi=0.0054 | decorr=0.0893 | jepa=0.0494 | kg=0.0316 | total=5.1571 | ewc=0.0001 raw=0.000000
2026-05-29 13:17:57 | DEBUG    | [P2 E19 S3420] asr=4.7292 | mi=0.0061 | decorr=0.0959 | jepa=0.0435 | kg=0.0285 | total=4.7398 | ewc=0.0001 raw=0.000000
2026-05-29 13:17:58 | DEBUG    | [P2 E19 S3430] asr=4.8480 | mi=0.0061 | decorr=0.0921 | jepa=0.0415 | kg=0.0312 | total=4.8583 | ewc=0.0001 raw=0.000000
2026-05-29 13:17:59 | DEBUG    | [P2 E19 S3440] asr=4.6849 | mi=0.0054 | decorr=0.0856 | jepa=0.0455 | kg=0.0294 | total=4.6953 | ewc=0.0001 raw=0.000000
2026-05-29 13:18:00 | DEBUG    | [P2 E19 S3450] asr=5.2291 | mi=0.0058 | decorr=0.0878 | jepa=0.0542 | kg=0.0323 | total=5.2406 | ewc=0.0001 raw=0.000000
2026-05-29 13:18:01 | DEBUG    | [P2 E19 S3460] asr=4.6998 | mi=0.0061 | decorr=0.0874 | jepa=0.0444 | kg=0.0291 | total=4.7101 | ewc=0.0001 raw=0.000000
2026-05-29 13:18:02 | DEBUG    | [P2 E19 S3470] asr=4.8688 | mi=0.0059 | decorr=0.0868 | jepa=0.0557 | kg=0.0333 | total=4.8804 | ewc=0.0001 raw=0.000000
2026-05-29 13:18:03 | DEBUG    | [P2 E19 S3480] asr=4.6514 | mi=0.0060 | decorr=0.0955 | jepa=0.0441 | kg=0.0311 | total=4.6622 | ewc=0.0001 raw=0.000000
2026-05-29 13:18:04 | DEBUG    | [P2 E19 S3490] asr=4.6320 | mi=0.0064 | decorr=0.0945 | jepa=0.0450 | kg=1.2479 | total=4.7037 | ewc=0.0001 raw=0.000000
2026-05-29 13:18:05 | DEBUG    | [P2 E19 S3500] asr=4.8378 | mi=0.0060 | decorr=0.0849 | jepa=0.0488 | kg=0.0290 | total=4.8484 | ewc=0.0001 raw=0.000000
2026-05-29 13:18:06 | DEBUG    | [P2 E19 S3510] asr=5.0204 | mi=0.0061 | decorr=0.0876 | jepa=0.0581 | kg=0.0326 | total=5.0323 | ewc=0.0001 raw=0.000000
2026-05-29 13:18:08 | DEBUG    | [P2 E19 S3520] asr=4.9151 | mi=0.0058 | decorr=0.0891 | jepa=0.0507 | kg=0.0325 | total=4.9263 | ewc=0.0001 raw=0.000000
2026-05-29 13:18:09 | DEBUG    | [P2 E19 S3530] asr=5.0218 | mi=0.0058 | decorr=0.0880 | jepa=0.0525 | kg=0.0304 | total=5.0331 | ewc=0.0001 raw=0.000000
2026-05-29 13:18:10 | DEBUG    | [P2 E19 S3540] asr=5.0568 | mi=0.0052 | decorr=0.0802 | jepa=0.0480 | kg=0.0321 | total=5.0672 | ewc=0.0001 raw=0.000000
2026-05-29 13:18:11 | DEBUG    | [P2 E19 S3550] asr=4.8874 | mi=0.0060 | decorr=0.0890 | jepa=0.0460 | kg=0.0310 | total=4.8980 | ewc=0.0001 raw=0.000000
2026-05-29 13:18:11 | INFO     | P2 Epoch 19/20 | asr=4.8899 | mi=0.0060 | decorr=0.0892 | jepa=0.0479 | kg=0.0639 | total=9.8050 | ewc=0.0001 (raw=0.000000) | 19.4s (618 samp/s)
2026-05-29 13:18:12 | INFO     |   Val: 5.5621
2026-05-29 13:18:12 | DEBUG    | [P2 E20 S3560] asr=4.7608 | mi=0.0068 | decorr=0.0960 | jepa=0.0503 | kg=0.0304 | total=4.7722 | ewc=0.0001 raw=0.000000
2026-05-29 13:18:13 | DEBUG    | [P2 E20 S3570] asr=4.8517 | mi=0.0057 | decorr=0.0829 | jepa=0.0478 | kg=0.0291 | total=4.8622 | ewc=0.0001 raw=0.000000
2026-05-29 13:18:14 | DEBUG    | [P2 E20 S3580] asr=4.9876 | mi=0.0054 | decorr=0.0870 | jepa=0.0497 | kg=0.0299 | total=4.9985 | ewc=0.0001 raw=0.000000
2026-05-29 13:18:15 | DEBUG    | [P2 E20 S3590] asr=4.6221 | mi=0.0066 | decorr=0.0899 | jepa=0.0440 | kg=0.0294 | total=4.6325 | ewc=0.0001 raw=0.000000
2026-05-29 13:18:16 | DEBUG    | [P2 E20 S3600] asr=4.8078 | mi=0.0055 | decorr=0.0883 | jepa=0.0460 | kg=0.0323 | total=4.8185 | ewc=0.0001 raw=0.000000
2026-05-29 13:18:17 | DEBUG    | [P2 E20 S3610] asr=4.6834 | mi=0.0056 | decorr=0.0889 | jepa=0.0408 | kg=0.0288 | total=4.6934 | ewc=0.0001 raw=0.000000
2026-05-29 13:18:18 | DEBUG    | [P2 E20 S3620] asr=5.2929 | mi=0.0074 | decorr=0.0987 | jepa=0.0603 | kg=0.0339 | total=5.3056 | ewc=0.0001 raw=0.000000
2026-05-29 13:18:19 | DEBUG    | [P2 E20 S3630] asr=4.8622 | mi=0.0051 | decorr=0.0841 | jepa=0.0479 | kg=0.0305 | total=4.8727 | ewc=0.0001 raw=0.000000
2026-05-29 13:18:21 | DEBUG    | [P2 E20 S3640] asr=4.9355 | mi=0.0064 | decorr=0.0969 | jepa=0.0495 | kg=0.0316 | total=4.9469 | ewc=0.0001 raw=0.000000
2026-05-29 13:18:22 | DEBUG    | [P2 E20 S3650] asr=5.0721 | mi=0.0059 | decorr=0.0857 | jepa=0.0569 | kg=0.0321 | total=5.0837 | ewc=0.0001 raw=0.000000
2026-05-29 13:18:23 | DEBUG    | [P2 E20 S3660] asr=4.6845 | mi=0.0056 | decorr=0.0869 | jepa=0.0404 | kg=0.0288 | total=4.6944 | ewc=0.0001 raw=0.000000
2026-05-29 13:18:24 | DEBUG    | [P2 E20 S3670] asr=4.5809 | mi=0.0063 | decorr=0.0934 | jepa=0.0424 | kg=0.0285 | total=4.5913 | ewc=0.0001 raw=0.000000
2026-05-29 13:18:25 | DEBUG    | [P2 E20 S3680] asr=4.8665 | mi=0.0056 | decorr=0.0857 | jepa=0.0490 | kg=0.0317 | total=4.8773 | ewc=0.0001 raw=0.000000
2026-05-29 13:18:26 | DEBUG    | [P2 E20 S3690] asr=4.8179 | mi=0.0051 | decorr=0.0850 | jepa=0.0420 | kg=0.0290 | total=4.8278 | ewc=0.0001 raw=0.000000
2026-05-29 13:18:27 | DEBUG    | [P2 E20 S3700] asr=5.1665 | mi=0.0052 | decorr=0.0890 | jepa=0.0449 | kg=0.0331 | total=5.1771 | ewc=0.0001 raw=0.000000
2026-05-29 13:18:28 | DEBUG    | [P2 E20 S3710] asr=4.9518 | mi=0.0049 | decorr=0.0840 | jepa=0.0518 | kg=0.0305 | total=4.9627 | ewc=0.0001 raw=0.000000
2026-05-29 13:18:29 | DEBUG    | [P2 E20 S3720] asr=4.9783 | mi=0.0051 | decorr=0.0852 | jepa=0.0439 | kg=0.0300 | total=4.9885 | ewc=0.0001 raw=0.000000
2026-05-29 13:18:30 | DEBUG    | [P2 E20 S3730] asr=4.8511 | mi=0.0057 | decorr=0.0829 | jepa=0.0417 | kg=0.0284 | total=4.8609 | ewc=0.0001 raw=0.000000
2026-05-29 13:18:31 | DEBUG    | [P2 E20 S3740] asr=5.0867 | mi=0.0053 | decorr=0.0825 | jepa=0.0480 | kg=0.0307 | total=5.0972 | ewc=0.0001 raw=0.000000
2026-05-29 13:18:31 | INFO     | P2 Epoch 20/20 | asr=4.8830 | mi=0.0060 | decorr=0.0891 | jepa=0.0477 | kg=0.0499 | total=9.7896 | ewc=0.0001 (raw=0.000000) | 19.3s (621 samp/s)
2026-05-29 13:18:31 | INFO     |   Val: 5.5599
2026-05-29 13:18:31 | INFO     | Done. P1 best val=5.4496 | P2 best val=5.4782
2026-05-29 13:18:31 | INFO     | Loss history → logs/loss_history.json
